Recommendation Details for the first 50 users and their top 20 recommendations using 30 features and their popular only ratings profile				
userId	movieId	popularity	avgRating	title
42273	[182657]	[1]	[ 5.]	['Pale (2016)']
42273	[151989]	[1]	[ 5.]	['The Thorn (1971)']
42273	[137032]	[1]	[ 5.]	['The Perfect Neighbor (2005)']
42273	[138172]	[1]	[ 5.]	['Baseline (2010)']
42273	[159467]	[3]	[ 3.66667]	['Fifi Howls from Happiness (2013)']
42273	[137026]	[1]	[ 5.]	['Tainted Blood (1993)']
42273	[137006]	[1]	[ 5.]	['Poison (2000)']
42273	[159471]	[1]	[ 5.]	"[""Evening's Civil Twilight in Empires of Tin (2008)""]"
42273	[159123]	[1]	[ 5.]	['Catching Out (2003)']
42273	[159125]	[1]	[ 5.]	"[""Anybody's Son Will Do""]"
42273	[137078]	[1]	[ 5.]	['Stranger in My House (1999)']
42273	[182793]	[3]	[ 4.33333]	['The Purple Sea (2009)']
42273	[137016]	[1]	[ 5.]	"[""A Daughter's Nightmare (2014)""]"
42273	[177209]	[1]	[ 5.]	['Ac\xc4\xb1 A\xc5\x9fk (2009)']
42273	[182781]	[1]	[ 5.]	['Amori che non sanno stare al mondo (2017)']
42273	[182527]	[1]	[ 5.]	['Ciutat morta (2014)']
42273	[110108]	[1]	[ 5.]	['Asphalt Playground (La cit\xc3\xa9 rose) (2012)']
42273	[159133]	[3]	[ 2.83333]	['Visions of Frank (2007)']
42273	[159135]	[1]	[ 5.]	['The Viking (1931)']
42577	[136992]	[1]	[ 5.]	"[""When He Didn't Come Home (1998)""]"
42577	[182657]	[1]	[ 5.]	['Pale (2016)']
42577	[137026]	[1]	[ 5.]	['Tainted Blood (1993)']
42577	[137038]	[1]	[ 5.]	['The Perfect Wife (2001)']
42577	[136988]	[1]	[ 5.]	['The Good Mistress (2014)']
42577	[137032]	[1]	[ 5.]	['The Perfect Neighbor (2005)']
42577	[182793]	[3]	[ 4.33333]	['The Purple Sea (2009)']
42577	[138172]	[1]	[ 5.]	['Baseline (2010)']
42577	[137006]	[1]	[ 5.]	['Poison (2000)']
42577	[137024]	[1]	[ 5.]	['The Perfect Nanny (2000)']
42577	[137048]	[1]	[ 5.]	['Perfect Child (2007)']
42577	[151989]	[1]	[ 5.]	['The Thorn (1971)']
42577	[137078]	[1]	[ 5.]	['Stranger in My House (1999)']
42577	[137016]	[1]	[ 5.]	"[""A Daughter's Nightmare (2014)""]"
42577	[177209]	[1]	[ 5.]	['Ac\xc4\xb1 A\xc5\x9fk (2009)']
42577	[137064]	[1]	[ 5.]	['Twisted Desire (1996)']
42577	[110108]	[1]	[ 5.]	['Asphalt Playground (La cit\xc3\xa9 rose) (2012)']
42577	[182781]	[1]	[ 5.]	['Amori che non sanno stare al mondo (2017)']
42577	[182527]	[1]	[ 5.]	['Ciutat morta (2014)']
42779	[137024]	[1]	[ 5.]	['The Perfect Nanny (2000)']
42779	[137026]	[1]	[ 5.]	['Tainted Blood (1993)']
42779	[137038]	[1]	[ 5.]	['The Perfect Wife (2001)']
42779	[183013]	[2]	[ 3.5]	['I Can No Longer Hear the Guitar (1991)']
42779	[136988]	[1]	[ 5.]	['The Good Mistress (2014)']
42779	[137032]	[1]	[ 5.]	['The Perfect Neighbor (2005)']
42779	[151989]	[1]	[ 5.]	['The Thorn (1971)']
42779	[159467]	[3]	[ 3.66667]	['Fifi Howls from Happiness (2013)']
42779	[137006]	[1]	[ 5.]	['Poison (2000)']
42779	[159471]	[1]	[ 5.]	"[""Evening's Civil Twilight in Empires of Tin (2008)""]"
42779	[137048]	[1]	[ 5.]	['Perfect Child (2007)']
42779	[159123]	[1]	[ 5.]	['Catching Out (2003)']
42779	[159125]	[1]	[ 5.]	"[""Anybody's Son Will Do""]"
42779	[137078]	[1]	[ 5.]	['Stranger in My House (1999)']
42779	[137016]	[1]	[ 5.]	"[""A Daughter's Nightmare (2014)""]"
42779	[137064]	[1]	[ 5.]	['Twisted Desire (1996)']
42779	[138172]	[1]	[ 5.]	['Baseline (2010)']
42779	[159133]	[3]	[ 2.83333]	['Visions of Frank (2007)']
42779	[159135]	[1]	[ 5.]	['The Viking (1931)']
43130	[137026]	[1]	[ 5.]	['Tainted Blood (1993)']
43130	[137038]	[1]	[ 5.]	['The Perfect Wife (2001)']
43130	[183013]	[2]	[ 3.5]	['I Can No Longer Hear the Guitar (1991)']
43130	[159125]	[1]	[ 5.]	"[""Anybody's Son Will Do""]"
43130	[136988]	[1]	[ 5.]	['The Good Mistress (2014)']
43130	[159467]	[3]	[ 3.66667]	['Fifi Howls from Happiness (2013)']
43130	[137006]	[1]	[ 5.]	['Poison (2000)']
43130	[159471]	[1]	[ 5.]	"[""Evening's Civil Twilight in Empires of Tin (2008)""]"
43130	[137048]	[1]	[ 5.]	['Perfect Child (2007)']
43130	[137032]	[1]	[ 5.]	['The Perfect Neighbor (2005)']
43130	[159123]	[1]	[ 5.]	['Catching Out (2003)']
43130	[151989]	[1]	[ 5.]	['The Thorn (1971)']
43130	[137078]	[1]	[ 5.]	['Stranger in My House (1999)']
43130	[137016]	[1]	[ 5.]	"[""A Daughter's Nightmare (2014)""]"
43130	[177209]	[1]	[ 5.]	['Ac\xc4\xb1 A\xc5\x9fk (2009)']
43130	[137064]	[1]	[ 5.]	['Twisted Desire (1996)']
43130	[138172]	[1]	[ 5.]	['Baseline (2010)']
43130	[159133]	[3]	[ 2.83333]	['Visions of Frank (2007)']
43130	[159135]	[1]	[ 5.]	['The Viking (1931)']
43256	[177903]	[1]	[ 5.]	['Near Death (1989)']
43256	[182657]	[1]	[ 5.]	['Pale (2016)']
43256	[151989]	[1]	[ 5.]	['The Thorn (1971)']
43256	[135055]	[1]	[ 5.]	['The End of a Mystery (2003)']
43256	[183013]	[2]	[ 3.5]	['I Can No Longer Hear the Guitar (1991)']
43256	[183913]	[6]	[ 4.25]	['The Firm (1989)']
43256	[177921]	[1]	[ 5.]	['Gesuzza, La Sposa Garibaldina (1934)']
43256	[138172]	[1]	[ 5.]	['Baseline (2010)']
43256	[159467]	[3]	[ 3.66667]	['Fifi Howls from Happiness (2013)']
43256	[159471]	[1]	[ 5.]	"[""Evening's Civil Twilight in Empires of Tin (2008)""]"
43256	[159123]	[1]	[ 5.]	['Catching Out (2003)']
43256	[159125]	[1]	[ 5.]	"[""Anybody's Son Will Do""]"
43256	[182793]	[3]	[ 4.33333]	['The Purple Sea (2009)']
43256	[177209]	[1]	[ 5.]	['Ac\xc4\xb1 A\xc5\x9fk (2009)']
43256	[182781]	[1]	[ 5.]	['Amori che non sanno stare al mondo (2017)']
43256	[182527]	[1]	[ 5.]	['Ciutat morta (2014)']
43256	[110108]	[1]	[ 5.]	['Asphalt Playground (La cit\xc3\xa9 rose) (2012)']
43256	[159133]	[3]	[ 2.83333]	['Visions of Frank (2007)']
43256	[159135]	[1]	[ 5.]	['The Viking (1931)']
43450	[140014]	[1]	[ 5.]	"[""Brother's Keeper (2013)""]"
43450	[26082]	[676]	[ 4.13683]	['Harakiri (Seppuku) (1962)']
43450	[26150]	[942]	[ 4.05096]	['Andrei Rublev (Andrey Rublyov) (1969)']
43450	[159048]	[1]	[ 5.]	['One Way Out (2002)']
43450	[668]	[900]	[ 4.10444]	['Song of the Little Road (Pather Panchali) (1955)']
43450	[159050]	[1]	[ 5.]	"[""The Pilot's Wife (2005)""]"
43450	[159467]	[3]	[ 3.66667]	['Fifi Howls from Happiness (2013)']
43450	[137964]	[1]	[ 5.]	['Casualties (1997)']
43450	[122701]	[1]	[ 5.]	['Love, Cheat & Steal (1993)']
43450	[132124]	[1]	[ 5.]	['Say Nothing (2001)']
43450	[159471]	[1]	[ 5.]	"[""Evening's Civil Twilight in Empires of Tin (2008)""]"
43450	[2351]	[1387]	[ 4.10707]	['Nights of Cabiria (Notti di Cabiria, Le) (1957)']
43450	[171221]	[2]	[ 4.25]	['Isolation (2015)']
43450	[159123]	[1]	[ 5.]	['Catching Out (2003)']
43450	[159125]	[1]	[ 5.]	"[""Anybody's Son Will Do""]"
43450	[2427]	[10156]	[ 3.42842]	['Thin Red Line, The (1998)']
43450	[924]	[31291]	[ 3.97386]	['2001: A Space Odyssey (1968)']
43450	[159133]	[3]	[ 2.83333]	['Visions of Frank (2007)']
43450	[670]	[829]	[ 4.11701]	['World of Apu, The (Apur Sansar) (1959)']
43450	[159135]	[1]	[ 5.]	['The Viking (1931)']
43606	[136992]	[1]	[ 5.]	"[""When He Didn't Come Home (1998)""]"
43606	[137024]	[1]	[ 5.]	['The Perfect Nanny (2000)']
43606	[137026]	[1]	[ 5.]	['Tainted Blood (1993)']
43606	[137038]	[1]	[ 5.]	['The Perfect Wife (2001)']
43606	[183013]	[2]	[ 3.5]	['I Can No Longer Hear the Guitar (1991)']
43606	[136988]	[1]	[ 5.]	['The Good Mistress (2014)']
43606	[137032]	[1]	[ 5.]	['The Perfect Neighbor (2005)']
43606	[151989]	[1]	[ 5.]	['The Thorn (1971)']
43606	[159467]	[3]	[ 3.66667]	['Fifi Howls from Happiness (2013)']
43606	[137006]	[1]	[ 5.]	['Poison (2000)']
43606	[159471]	[1]	[ 5.]	"[""Evening's Civil Twilight in Empires of Tin (2008)""]"
43606	[137048]	[1]	[ 5.]	['Perfect Child (2007)']
43606	[159123]	[1]	[ 5.]	['Catching Out (2003)']
43606	[159125]	[1]	[ 5.]	"[""Anybody's Son Will Do""]"
43606	[137078]	[1]	[ 5.]	['Stranger in My House (1999)']
43606	[137016]	[1]	[ 5.]	"[""A Daughter's Nightmare (2014)""]"
43606	[137064]	[1]	[ 5.]	['Twisted Desire (1996)']
43606	[138172]	[1]	[ 5.]	['Baseline (2010)']
43606	[159133]	[3]	[ 2.83333]	['Visions of Frank (2007)']
43606	[159135]	[1]	[ 5.]	['The Viking (1931)']
43831	[182657]	[1]	[ 5.]	['Pale (2016)']
43831	[143833]	[1]	[ 5.]	['The Thursday (1964)']
43831	[183013]	[2]	[ 3.5]	['I Can No Longer Hear the Guitar (1991)']
43831	[178417]	[1]	[ 5.]	['A Lustful Man (1961)']
43831	[177921]	[1]	[ 5.]	['Gesuzza, La Sposa Garibaldina (1934)']
43831	[182793]	[3]	[ 4.33333]	['The Purple Sea (2009)']
43831	[179019]	[2]	[ 4.5]	['Mercy (2012)']
43831	[135310]	[1]	[ 5.]	['The Unfaithfuls (1953)']
43831	[178415]	[1]	[ 5.]	['The Ra Expeditions (1972)']
43831	[183941]	[2]	[ 3.5]	['Return of the Blind Dead (1973)']
43831	[183057]	[1]	[ 5.]	['Goldstein (1965)']
43831	[151989]	[1]	[ 5.]	['The Thorn (1971)']
43831	[179065]	[3]	[ 4.]	['Scarred Hearts (2016)']
43831	[177209]	[1]	[ 5.]	['Ac\xc4\xb1 A\xc5\x9fk (2009)']
43831	[178881]	[1]	[ 5.]	['The Visitor (1964)']
43831	[177903]	[1]	[ 5.]	['Near Death (1989)']
43831	[138172]	[1]	[ 5.]	['Baseline (2010)']
43831	[182781]	[1]	[ 5.]	['Amori che non sanno stare al mondo (2017)']
43831	[178057]	[1]	[ 5.]	['A Boring Story (1983)']
43831	[182527]	[1]	[ 5.]	['Ciutat morta (2014)']
43853	[182657]	[1]	[ 5.]	['Pale (2016)']
43853	[137026]	[1]	[ 5.]	['Tainted Blood (1993)']
43853	[159125]	[1]	[ 5.]	"[""Anybody's Son Will Do""]"
43853	[110108]	[1]	[ 5.]	['Asphalt Playground (La cit\xc3\xa9 rose) (2012)']
43853	[159467]	[3]	[ 3.66667]	['Fifi Howls from Happiness (2013)']
43853	[137006]	[1]	[ 5.]	['Poison (2000)']
43853	[159471]	[1]	[ 5.]	"[""Evening's Civil Twilight in Empires of Tin (2008)""]"
43853	[137032]	[1]	[ 5.]	['The Perfect Neighbor (2005)']
43853	[159123]	[1]	[ 5.]	['Catching Out (2003)']
43853	[151989]	[1]	[ 5.]	['The Thorn (1971)']
43853	[137078]	[1]	[ 5.]	['Stranger in My House (1999)']
43853	[182793]	[3]	[ 4.33333]	['The Purple Sea (2009)']
43853	[159133]	[3]	[ 2.83333]	['Visions of Frank (2007)']
43853	[177209]	[1]	[ 5.]	['Ac\xc4\xb1 A\xc5\x9fk (2009)']
43853	[137016]	[1]	[ 5.]	"[""A Daughter's Nightmare (2014)""]"
43853	[159135]	[1]	[ 5.]	['The Viking (1931)']
43853	[138172]	[1]	[ 5.]	['Baseline (2010)']
43853	[182781]	[1]	[ 5.]	['Amori che non sanno stare al mondo (2017)']
43853	[182527]	[1]	[ 5.]	['Ciutat morta (2014)']
43966	[5952]	[56326]	[ 4.07519]	['Lord of the Rings: The Two Towers, The (2002)']
43966	[4993]	[61476]	[ 4.09843]	['Lord of the Rings: The Fellowship of the Ring, The (2001)']
43966	[179527]	[3]	[ 3.33333]	['Annabelle Hooper and the Ghosts of Nantucket (2016)']
43966	[164771]	[1]	[ 5.]	['Love Finds You in Valentine (2016)']
43966	[260]	[81442]	[ 4.12178]	['Star Wars: Episode IV - A New Hope (1977)']
43966	[179589]	[2]	[ 5.]	['Windstorm 2 (2015)']
43966	[137601]	[1]	[ 5.]	['Duel of Hearts (1992)']
43966	[165383]	[1]	[ 5.]	['Assepoester: Een Modern Sprookje (2014)']
43966	[179625]	[1]	[ 5.]	['Die Sterntaler (2011)']
43966	[179723]	[1]	[ 5.]	['Rapunzel (2009)']
43966	[1196]	[65498]	[ 4.13449]	['Star Wars: Episode V - The Empire Strikes Back (1980)']
43966	[179535]	[1]	[ 5.]	['12 Dogs of Christmas: Great Puppy Rescue (2012)']
43966	[179591]	[1]	[ 5.]	['A Royal Winter (2017)']
43966	[7153]	[56939]	[ 4.10403]	['Lord of the Rings: The Return of the King, The (2003)']
43966	[179531]	[2]	[ 4.]	['Apple of My Eye (2017)']
43966	[166229]	[1]	[ 5.]	['Allerleirauh (2012)']
43966	[149879]	[1]	[ 5.]	['Aschenputtel (2010)']
43966	[1210]	[65773]	[ 3.98668]	['Star Wars: Episode VI - Return of the Jedi (1983)']
43966	[179581]	[2]	[ 4.]	['Love Blossoms (2017)']
43966	[179617]	[1]	[ 5.]	['Dornr\xc3\xb6schen (2009)']
44038	[136992]	[1]	[ 5.]	"[""When He Didn't Come Home (1998)""]"
44038	[137024]	[1]	[ 5.]	['The Perfect Nanny (2000)']
44038	[137026]	[1]	[ 5.]	['Tainted Blood (1993)']
44038	[137038]	[1]	[ 5.]	['The Perfect Wife (2001)']
44038	[137046]	[1]	[ 5.]	['The Perfect Assistant (2008)']
44038	[136998]	[1]	[ 5.]	['The Wrong Girl (2015)']
44038	[137020]	[1]	[ 5.]	"[""A Sister's Secret (2009)""]"
44038	[137032]	[1]	[ 5.]	['The Perfect Neighbor (2005)']
44038	[136988]	[1]	[ 5.]	['The Good Mistress (2014)']
44038	[137006]	[1]	[ 5.]	['Poison (2000)']
44038	[137048]	[1]	[ 5.]	['Perfect Child (2007)']
44038	[151989]	[1]	[ 5.]	['The Thorn (1971)']
44038	[137078]	[1]	[ 5.]	['Stranger in My House (1999)']
44038	[136996]	[1]	[ 5.]	['The Wrong Girl (1999)']
44038	[137016]	[1]	[ 5.]	"[""A Daughter's Nightmare (2014)""]"
44038	[177209]	[1]	[ 5.]	['Ac\xc4\xb1 A\xc5\x9fk (2009)']
44038	[137050]	[1]	[ 5.]	['The Rival (2006)']
44038	[137064]	[1]	[ 5.]	['Twisted Desire (1996)']
44038	[110108]	[1]	[ 5.]	['Asphalt Playground (La cit\xc3\xa9 rose) (2012)']
44038	[137022]	[1]	[ 5.]	"[""A Nanny's Revenge (2012)""]"
44363	[136992]	[1]	[ 5.]	"[""When He Didn't Come Home (1998)""]"
44363	[137024]	[1]	[ 5.]	['The Perfect Nanny (2000)']
44363	[137026]	[1]	[ 5.]	['Tainted Blood (1993)']
44363	[137038]	[1]	[ 5.]	['The Perfect Wife (2001)']
44363	[137046]	[1]	[ 5.]	['The Perfect Assistant (2008)']
44363	[136998]	[1]	[ 5.]	['The Wrong Girl (2015)']
44363	[137020]	[1]	[ 5.]	"[""A Sister's Secret (2009)""]"
44363	[137032]	[1]	[ 5.]	['The Perfect Neighbor (2005)']
44363	[136988]	[1]	[ 5.]	['The Good Mistress (2014)']
44363	[137006]	[1]	[ 5.]	['Poison (2000)']
44363	[137048]	[1]	[ 5.]	['Perfect Child (2007)']
44363	[151989]	[1]	[ 5.]	['The Thorn (1971)']
44363	[137078]	[1]	[ 5.]	['Stranger in My House (1999)']
44363	[137016]	[1]	[ 5.]	"[""A Daughter's Nightmare (2014)""]"
44363	[136996]	[1]	[ 5.]	['The Wrong Girl (1999)']
44363	[137050]	[1]	[ 5.]	['The Rival (2006)']
44363	[137064]	[1]	[ 5.]	['Twisted Desire (1996)']
44363	[138172]	[1]	[ 5.]	['Baseline (2010)']
44363	[137018]	[1]	[ 5.]	"[""A Sister's Revenge (2013)""]"
44363	[137022]	[1]	[ 5.]	"[""A Nanny's Revenge (2012)""]"
44447	[171221]	[2]	[ 4.25]	['Isolation (2015)']
44447	[164771]	[1]	[ 5.]	['Love Finds You in Valentine (2016)']
44447	[180839]	[2]	[ 2.75]	['Operation Rogue (2014)']
44447	[124903]	[1]	[ 5.]	['Styx (2001)']
44447	[159048]	[1]	[ 5.]	['One Way Out (2002)']
44447	[159050]	[1]	[ 5.]	"[""The Pilot's Wife (2005)""]"
44447	[159467]	[3]	[ 3.66667]	['Fifi Howls from Happiness (2013)']
44447	[137964]	[1]	[ 5.]	['Casualties (1997)']
44447	[122701]	[1]	[ 5.]	['Love, Cheat & Steal (1993)']
44447	[140014]	[1]	[ 5.]	"[""Brother's Keeper (2013)""]"
44447	[159471]	[1]	[ 5.]	"[""Evening's Civil Twilight in Empires of Tin (2008)""]"
44447	[116243]	[1]	[ 5.]	['Convicted (1931)']
44447	[159123]	[1]	[ 5.]	['Catching Out (2003)']
44447	[109762]	[1]	[ 5.]	['Black Widow (Dark Beauty) (2008)']
44447	[159125]	[1]	[ 5.]	"[""Anybody's Son Will Do""]"
44447	[159053]	[1]	[ 5.]	['In Her Line of Fire (2006)']
44447	[142903]	[1]	[ 5.]	['Ricochet (2011)']
44447	[132124]	[1]	[ 5.]	['Say Nothing (2001)']
44447	[159133]	[3]	[ 2.83333]	['Visions of Frank (2007)']
44447	[159135]	[1]	[ 5.]	['The Viking (1931)']
44454	[178881]	[1]	[ 5.]	['The Visitor (1964)']
44454	[151989]	[1]	[ 5.]	['The Thorn (1971)']
44454	[179019]	[2]	[ 4.5]	['Mercy (2012)']
44454	[183013]	[2]	[ 3.5]	['I Can No Longer Hear the Guitar (1991)']
44454	[177921]	[1]	[ 5.]	['Gesuzza, La Sposa Garibaldina (1934)']
44454	[178415]	[1]	[ 5.]	['The Ra Expeditions (1972)']
44454	[110108]	[1]	[ 5.]	['Asphalt Playground (La cit\xc3\xa9 rose) (2012)']
44454	[159467]	[3]	[ 3.66667]	['Fifi Howls from Happiness (2013)']
44454	[135310]	[1]	[ 5.]	['The Unfaithfuls (1953)']
44454	[159471]	[1]	[ 5.]	"[""Evening's Civil Twilight in Empires of Tin (2008)""]"
44454	[183057]	[1]	[ 5.]	['Goldstein (1965)']
44454	[159123]	[1]	[ 5.]	['Catching Out (2003)']
44454	[159125]	[1]	[ 5.]	"[""Anybody's Son Will Do""]"
44454	[183913]	[6]	[ 4.25]	['The Firm (1989)']
44454	[143833]	[1]	[ 5.]	['The Thursday (1964)']
44454	[179065]	[3]	[ 4.]	['Scarred Hearts (2016)']
44454	[177903]	[1]	[ 5.]	['Near Death (1989)']
44454	[138172]	[1]	[ 5.]	['Baseline (2010)']
44454	[159133]	[3]	[ 2.83333]	['Visions of Frank (2007)']
44454	[159135]	[1]	[ 5.]	['The Viking (1931)']
44807	[179723]	[1]	[ 5.]	['Rapunzel (2009)']
44807	[137601]	[1]	[ 5.]	['Duel of Hearts (1992)']
44807	[137026]	[1]	[ 5.]	['Tainted Blood (1993)']
44807	[164771]	[1]	[ 5.]	['Love Finds You in Valentine (2016)']
44807	[136988]	[1]	[ 5.]	['The Good Mistress (2014)']
44807	[165383]	[1]	[ 5.]	['Assepoester: Een Modern Sprookje (2014)']
44807	[137032]	[1]	[ 5.]	['The Perfect Neighbor (2005)']
44807	[179625]	[1]	[ 5.]	['Die Sterntaler (2011)']
44807	[159467]	[3]	[ 3.66667]	['Fifi Howls from Happiness (2013)']
44807	[137006]	[1]	[ 5.]	['Poison (2000)']
44807	[159471]	[1]	[ 5.]	"[""Evening's Civil Twilight in Empires of Tin (2008)""]"
44807	[137048]	[1]	[ 5.]	['Perfect Child (2007)']
44807	[159123]	[1]	[ 5.]	['Catching Out (2003)']
44807	[159125]	[1]	[ 5.]	"[""Anybody's Son Will Do""]"
44807	[137078]	[1]	[ 5.]	['Stranger in My House (1999)']
44807	[137016]	[1]	[ 5.]	"[""A Daughter's Nightmare (2014)""]"
44807	[179527]	[3]	[ 3.33333]	['Annabelle Hooper and the Ghosts of Nantucket (2016)']
44807	[110108]	[1]	[ 5.]	['Asphalt Playground (La cit\xc3\xa9 rose) (2012)']
44807	[159133]	[3]	[ 2.83333]	['Visions of Frank (2007)']
44807	[159135]	[1]	[ 5.]	['The Viking (1931)']
45101	[136992]	[1]	[ 5.]	"[""When He Didn't Come Home (1998)""]"
45101	[182657]	[1]	[ 5.]	['Pale (2016)']
45101	[137026]	[1]	[ 5.]	['Tainted Blood (1993)']
45101	[137038]	[1]	[ 5.]	['The Perfect Wife (2001)']
45101	[136988]	[1]	[ 5.]	['The Good Mistress (2014)']
45101	[137032]	[1]	[ 5.]	['The Perfect Neighbor (2005)']
45101	[182793]	[3]	[ 4.33333]	['The Purple Sea (2009)']
45101	[137006]	[1]	[ 5.]	['Poison (2000)']
45101	[137048]	[1]	[ 5.]	['Perfect Child (2007)']
45101	[151989]	[1]	[ 5.]	['The Thorn (1971)']
45101	[137078]	[1]	[ 5.]	['Stranger in My House (1999)']
45101	[137016]	[1]	[ 5.]	"[""A Daughter's Nightmare (2014)""]"
45101	[177209]	[1]	[ 5.]	['Ac\xc4\xb1 A\xc5\x9fk (2009)']
45101	[137064]	[1]	[ 5.]	['Twisted Desire (1996)']
45101	[110108]	[1]	[ 5.]	['Asphalt Playground (La cit\xc3\xa9 rose) (2012)']
45101	[182781]	[1]	[ 5.]	['Amori che non sanno stare al mondo (2017)']
45101	[138172]	[1]	[ 5.]	['Baseline (2010)']
45101	[182527]	[1]	[ 5.]	['Ciutat morta (2014)']
45259	[136992]	[1]	[ 5.]	"[""When He Didn't Come Home (1998)""]"
45259	[137026]	[1]	[ 5.]	['Tainted Blood (1993)']
45259	[183013]	[2]	[ 3.5]	['I Can No Longer Hear the Guitar (1991)']
45259	[136988]	[1]	[ 5.]	['The Good Mistress (2014)']
45259	[137032]	[1]	[ 5.]	['The Perfect Neighbor (2005)']
45259	[151989]	[1]	[ 5.]	['The Thorn (1971)']
45259	[159467]	[3]	[ 3.66667]	['Fifi Howls from Happiness (2013)']
45259	[137006]	[1]	[ 5.]	['Poison (2000)']
45259	[159471]	[1]	[ 5.]	"[""Evening's Civil Twilight in Empires of Tin (2008)""]"
45259	[137048]	[1]	[ 5.]	['Perfect Child (2007)']
45259	[159123]	[1]	[ 5.]	['Catching Out (2003)']
45259	[159125]	[1]	[ 5.]	"[""Anybody's Son Will Do""]"
45259	[137078]	[1]	[ 5.]	['Stranger in My House (1999)']
45259	[137016]	[1]	[ 5.]	"[""A Daughter's Nightmare (2014)""]"
45259	[177209]	[1]	[ 5.]	['Ac\xc4\xb1 A\xc5\x9fk (2009)']
45259	[137064]	[1]	[ 5.]	['Twisted Desire (1996)']
45259	[110108]	[1]	[ 5.]	['Asphalt Playground (La cit\xc3\xa9 rose) (2012)']
45259	[159133]	[3]	[ 2.83333]	['Visions of Frank (2007)']
45259	[138172]	[1]	[ 5.]	['Baseline (2010)']
45259	[159135]	[1]	[ 5.]	['The Viking (1931)']
45999	[136992]	[1]	[ 5.]	"[""When He Didn't Come Home (1998)""]"
45999	[137026]	[1]	[ 5.]	['Tainted Blood (1993)']
45999	[183013]	[2]	[ 3.5]	['I Can No Longer Hear the Guitar (1991)']
45999	[136988]	[1]	[ 5.]	['The Good Mistress (2014)']
45999	[137032]	[1]	[ 5.]	['The Perfect Neighbor (2005)']
45999	[151989]	[1]	[ 5.]	['The Thorn (1971)']
45999	[159467]	[3]	[ 3.66667]	['Fifi Howls from Happiness (2013)']
45999	[137006]	[1]	[ 5.]	['Poison (2000)']
45999	[159471]	[1]	[ 5.]	"[""Evening's Civil Twilight in Empires of Tin (2008)""]"
45999	[137048]	[1]	[ 5.]	['Perfect Child (2007)']
45999	[159123]	[1]	[ 5.]	['Catching Out (2003)']
45999	[159125]	[1]	[ 5.]	"[""Anybody's Son Will Do""]"
45999	[137078]	[1]	[ 5.]	['Stranger in My House (1999)']
45999	[137016]	[1]	[ 5.]	"[""A Daughter's Nightmare (2014)""]"
45999	[177209]	[1]	[ 5.]	['Ac\xc4\xb1 A\xc5\x9fk (2009)']
45999	[137064]	[1]	[ 5.]	['Twisted Desire (1996)']
45999	[138172]	[1]	[ 5.]	['Baseline (2010)']
45999	[159133]	[3]	[ 2.83333]	['Visions of Frank (2007)']
45999	[159135]	[1]	[ 5.]	['The Viking (1931)']
46629	[136992]	[1]	[ 5.]	"[""When He Didn't Come Home (1998)""]"
46629	[182657]	[1]	[ 5.]	['Pale (2016)']
46629	[137026]	[1]	[ 5.]	['Tainted Blood (1993)']
46629	[137038]	[1]	[ 5.]	['The Perfect Wife (2001)']
46629	[136988]	[1]	[ 5.]	['The Good Mistress (2014)']
46629	[137020]	[1]	[ 5.]	"[""A Sister's Secret (2009)""]"
46629	[137032]	[1]	[ 5.]	['The Perfect Neighbor (2005)']
46629	[182793]	[3]	[ 4.33333]	['The Purple Sea (2009)']
46629	[138172]	[1]	[ 5.]	['Baseline (2010)']
46629	[137006]	[1]	[ 5.]	['Poison (2000)']
46629	[137048]	[1]	[ 5.]	['Perfect Child (2007)']
46629	[151989]	[1]	[ 5.]	['The Thorn (1971)']
46629	[137078]	[1]	[ 5.]	['Stranger in My House (1999)']
46629	[137016]	[1]	[ 5.]	"[""A Daughter's Nightmare (2014)""]"
46629	[177209]	[1]	[ 5.]	['Ac\xc4\xb1 A\xc5\x9fk (2009)']
46629	[137064]	[1]	[ 5.]	['Twisted Desire (1996)']
46629	[110108]	[1]	[ 5.]	['Asphalt Playground (La cit\xc3\xa9 rose) (2012)']
46629	[182781]	[1]	[ 5.]	['Amori che non sanno stare al mondo (2017)']
46629	[182527]	[1]	[ 5.]	['Ciutat morta (2014)']
47230	[136992]	[1]	[ 5.]	"[""When He Didn't Come Home (1998)""]"
47230	[182657]	[1]	[ 5.]	['Pale (2016)']
47230	[137026]	[1]	[ 5.]	['Tainted Blood (1993)']
47230	[137038]	[1]	[ 5.]	['The Perfect Wife (2001)']
47230	[136988]	[1]	[ 5.]	['The Good Mistress (2014)']
47230	[137020]	[1]	[ 5.]	"[""A Sister's Secret (2009)""]"
47230	[137032]	[1]	[ 5.]	['The Perfect Neighbor (2005)']
47230	[182793]	[3]	[ 4.33333]	['The Purple Sea (2009)']
47230	[137006]	[1]	[ 5.]	['Poison (2000)']
47230	[137048]	[1]	[ 5.]	['Perfect Child (2007)']
47230	[151989]	[1]	[ 5.]	['The Thorn (1971)']
47230	[137078]	[1]	[ 5.]	['Stranger in My House (1999)']
47230	[137016]	[1]	[ 5.]	"[""A Daughter's Nightmare (2014)""]"
47230	[177209]	[1]	[ 5.]	['Ac\xc4\xb1 A\xc5\x9fk (2009)']
47230	[137018]	[1]	[ 5.]	"[""A Sister's Revenge (2013)""]"
47230	[137064]	[1]	[ 5.]	['Twisted Desire (1996)']
47230	[110108]	[1]	[ 5.]	['Asphalt Playground (La cit\xc3\xa9 rose) (2012)']
47230	[182781]	[1]	[ 5.]	['Amori che non sanno stare al mondo (2017)']
47230	[182527]	[1]	[ 5.]	['Ciutat morta (2014)']
47701	[137026]	[1]	[ 5.]	['Tainted Blood (1993)']
47701	[183013]	[2]	[ 3.5]	['I Can No Longer Hear the Guitar (1991)']
47701	[136988]	[1]	[ 5.]	['The Good Mistress (2014)']
47701	[137032]	[1]	[ 5.]	['The Perfect Neighbor (2005)']
47701	[151989]	[1]	[ 5.]	['The Thorn (1971)']
47701	[159467]	[3]	[ 3.66667]	['Fifi Howls from Happiness (2013)']
47701	[137006]	[1]	[ 5.]	['Poison (2000)']
47701	[159471]	[1]	[ 5.]	"[""Evening's Civil Twilight in Empires of Tin (2008)""]"
47701	[137048]	[1]	[ 5.]	['Perfect Child (2007)']
47701	[159123]	[1]	[ 5.]	['Catching Out (2003)']
47701	[159125]	[1]	[ 5.]	"[""Anybody's Son Will Do""]"
47701	[137078]	[1]	[ 5.]	['Stranger in My House (1999)']
47701	[137016]	[1]	[ 5.]	"[""A Daughter's Nightmare (2014)""]"
47701	[177209]	[1]	[ 5.]	['Ac\xc4\xb1 A\xc5\x9fk (2009)']
47701	[137064]	[1]	[ 5.]	['Twisted Desire (1996)']
47701	[138172]	[1]	[ 5.]	['Baseline (2010)']
47701	[159133]	[3]	[ 2.83333]	['Visions of Frank (2007)']
47701	[110108]	[1]	[ 5.]	['Asphalt Playground (La cit\xc3\xa9 rose) (2012)']
47701	[159135]	[1]	[ 5.]	['The Viking (1931)']
47944	[136992]	[1]	[ 5.]	"[""When He Didn't Come Home (1998)""]"
47944	[182657]	[1]	[ 5.]	['Pale (2016)']
47944	[137026]	[1]	[ 5.]	['Tainted Blood (1993)']
47944	[136988]	[1]	[ 5.]	['The Good Mistress (2014)']
47944	[137032]	[1]	[ 5.]	['The Perfect Neighbor (2005)']
47944	[182793]	[3]	[ 4.33333]	['The Purple Sea (2009)']
47944	[159467]	[3]	[ 3.66667]	['Fifi Howls from Happiness (2013)']
47944	[137064]	[1]	[ 5.]	['Twisted Desire (1996)']
47944	[137006]	[1]	[ 5.]	['Poison (2000)']
47944	[159471]	[1]	[ 5.]	"[""Evening's Civil Twilight in Empires of Tin (2008)""]"
47944	[137048]	[1]	[ 5.]	['Perfect Child (2007)']
47944	[159123]	[1]	[ 5.]	['Catching Out (2003)']
47944	[159125]	[1]	[ 5.]	"[""Anybody's Son Will Do""]"
47944	[137078]	[1]	[ 5.]	['Stranger in My House (1999)']
47944	[137016]	[1]	[ 5.]	"[""A Daughter's Nightmare (2014)""]"
47944	[182781]	[1]	[ 5.]	['Amori che non sanno stare al mondo (2017)']
47944	[182527]	[1]	[ 5.]	['Ciutat morta (2014)']
47944	[110108]	[1]	[ 5.]	['Asphalt Playground (La cit\xc3\xa9 rose) (2012)']
47944	[159133]	[3]	[ 2.83333]	['Visions of Frank (2007)']
47944	[159135]	[1]	[ 5.]	['The Viking (1931)']
47993	[182657]	[1]	[ 5.]	['Pale (2016)']
47993	[151989]	[1]	[ 5.]	['The Thorn (1971)']
47993	[183013]	[2]	[ 3.5]	['I Can No Longer Hear the Guitar (1991)']
47993	[137032]	[1]	[ 5.]	['The Perfect Neighbor (2005)']
47993	[138172]	[1]	[ 5.]	['Baseline (2010)']
47993	[159467]	[3]	[ 3.66667]	['Fifi Howls from Happiness (2013)']
47993	[137026]	[1]	[ 5.]	['Tainted Blood (1993)']
47993	[137006]	[1]	[ 5.]	['Poison (2000)']
47993	[159471]	[1]	[ 5.]	"[""Evening's Civil Twilight in Empires of Tin (2008)""]"
47993	[159123]	[1]	[ 5.]	['Catching Out (2003)']
47993	[159125]	[1]	[ 5.]	"[""Anybody's Son Will Do""]"
47993	[137078]	[1]	[ 5.]	['Stranger in My House (1999)']
47993	[182793]	[3]	[ 4.33333]	['The Purple Sea (2009)']
47993	[137016]	[1]	[ 5.]	"[""A Daughter's Nightmare (2014)""]"
47993	[177209]	[1]	[ 5.]	['Ac\xc4\xb1 A\xc5\x9fk (2009)']
47993	[182781]	[1]	[ 5.]	['Amori che non sanno stare al mondo (2017)']
47993	[182527]	[1]	[ 5.]	['Ciutat morta (2014)']
47993	[110108]	[1]	[ 5.]	['Asphalt Playground (La cit\xc3\xa9 rose) (2012)']
47993	[159133]	[3]	[ 2.83333]	['Visions of Frank (2007)']
47993	[159135]	[1]	[ 5.]	['The Viking (1931)']
48351	[136992]	[1]	[ 5.]	"[""When He Didn't Come Home (1998)""]"
48351	[182657]	[1]	[ 5.]	['Pale (2016)']
48351	[137026]	[1]	[ 5.]	['Tainted Blood (1993)']
48351	[137024]	[1]	[ 5.]	['The Perfect Nanny (2000)']
48351	[137038]	[1]	[ 5.]	['The Perfect Wife (2001)']
48351	[136988]	[1]	[ 5.]	['The Good Mistress (2014)']
48351	[137032]	[1]	[ 5.]	['The Perfect Neighbor (2005)']
48351	[138172]	[1]	[ 5.]	['Baseline (2010)']
48351	[136996]	[1]	[ 5.]	['The Wrong Girl (1999)']
48351	[137006]	[1]	[ 5.]	['Poison (2000)']
48351	[137048]	[1]	[ 5.]	['Perfect Child (2007)']
48351	[151989]	[1]	[ 5.]	['The Thorn (1971)']
48351	[137078]	[1]	[ 5.]	['Stranger in My House (1999)']
48351	[182793]	[3]	[ 4.33333]	['The Purple Sea (2009)']
48351	[137016]	[1]	[ 5.]	"[""A Daughter's Nightmare (2014)""]"
48351	[177209]	[1]	[ 5.]	['Ac\xc4\xb1 A\xc5\x9fk (2009)']
48351	[137064]	[1]	[ 5.]	['Twisted Desire (1996)']
48351	[110108]	[1]	[ 5.]	['Asphalt Playground (La cit\xc3\xa9 rose) (2012)']
48351	[182781]	[1]	[ 5.]	['Amori che non sanno stare al mondo (2017)']
48351	[182527]	[1]	[ 5.]	['Ciutat morta (2014)']
48934	[136992]	[1]	[ 5.]	"[""When He Didn't Come Home (1998)""]"
48934	[151989]	[1]	[ 5.]	['The Thorn (1971)']
48934	[137038]	[1]	[ 5.]	['The Perfect Wife (2001)']
48934	[136988]	[1]	[ 5.]	['The Good Mistress (2014)']
48934	[137032]	[1]	[ 5.]	['The Perfect Neighbor (2005)']
48934	[138172]	[1]	[ 5.]	['Baseline (2010)']
48934	[159467]	[3]	[ 3.66667]	['Fifi Howls from Happiness (2013)']
48934	[137026]	[1]	[ 5.]	['Tainted Blood (1993)']
48934	[137006]	[1]	[ 5.]	['Poison (2000)']
48934	[159471]	[1]	[ 5.]	"[""Evening's Civil Twilight in Empires of Tin (2008)""]"
48934	[137048]	[1]	[ 5.]	['Perfect Child (2007)']
48934	[159123]	[1]	[ 5.]	['Catching Out (2003)']
48934	[159125]	[1]	[ 5.]	"[""Anybody's Son Will Do""]"
48934	[137078]	[1]	[ 5.]	['Stranger in My House (1999)']
48934	[137016]	[1]	[ 5.]	"[""A Daughter's Nightmare (2014)""]"
48934	[177209]	[1]	[ 5.]	['Ac\xc4\xb1 A\xc5\x9fk (2009)']
48934	[137064]	[1]	[ 5.]	['Twisted Desire (1996)']
48934	[110108]	[1]	[ 5.]	['Asphalt Playground (La cit\xc3\xa9 rose) (2012)']
48934	[159133]	[3]	[ 2.83333]	['Visions of Frank (2007)']
48934	[159135]	[1]	[ 5.]	['The Viking (1931)']
49212	[135232]	[1]	[ 5.]	['Jailbait Babysitter (1977)']
49212	[182657]	[1]	[ 5.]	['Pale (2016)']
49212	[137026]	[1]	[ 5.]	['Tainted Blood (1993)']
49212	[137024]	[1]	[ 5.]	['The Perfect Nanny (2000)']
49212	[137038]	[1]	[ 5.]	['The Perfect Wife (2001)']
49212	[136988]	[1]	[ 5.]	['The Good Mistress (2014)']
49212	[137032]	[1]	[ 5.]	['The Perfect Neighbor (2005)']
49212	[182793]	[3]	[ 4.33333]	['The Purple Sea (2009)']
49212	[136992]	[1]	[ 5.]	"[""When He Didn't Come Home (1998)""]"
49212	[137006]	[1]	[ 5.]	['Poison (2000)']
49212	[137048]	[1]	[ 5.]	['Perfect Child (2007)']
49212	[151989]	[1]	[ 5.]	['The Thorn (1971)']
49212	[137078]	[1]	[ 5.]	['Stranger in My House (1999)']
49212	[137016]	[1]	[ 5.]	"[""A Daughter's Nightmare (2014)""]"
49212	[177209]	[1]	[ 5.]	['Ac\xc4\xb1 A\xc5\x9fk (2009)']
49212	[137064]	[1]	[ 5.]	['Twisted Desire (1996)']
49212	[110108]	[1]	[ 5.]	['Asphalt Playground (La cit\xc3\xa9 rose) (2012)']
49212	[182781]	[1]	[ 5.]	['Amori che non sanno stare al mondo (2017)']
49212	[182527]	[1]	[ 5.]	['Ciutat morta (2014)']
49796	[137601]	[1]	[ 5.]	['Duel of Hearts (1992)']
49796	[179527]	[3]	[ 3.33333]	['Annabelle Hooper and the Ghosts of Nantucket (2016)']
49796	[164771]	[1]	[ 5.]	['Love Finds You in Valentine (2016)']
49796	[179591]	[1]	[ 5.]	['A Royal Winter (2017)']
49796	[179589]	[2]	[ 5.]	['Windstorm 2 (2015)']
49796	[165383]	[1]	[ 5.]	['Assepoester: Een Modern Sprookje (2014)']
49796	[179625]	[1]	[ 5.]	['Die Sterntaler (2011)']
49796	[179723]	[1]	[ 5.]	['Rapunzel (2009)']
49796	[149879]	[1]	[ 5.]	['Aschenputtel (2010)']
49796	[179535]	[1]	[ 5.]	['12 Dogs of Christmas: Great Puppy Rescue (2012)']
49796	[164907]	[1]	[ 5.]	['A Star for Christmas (2012)']
49796	[143235]	[1]	[ 5.]	['Going to the Mat (2004)']
49796	[165745]	[1]	[ 5.]	['A Holiday Heist (2011)']
49796	[179581]	[2]	[ 4.]	['Love Blossoms (2017)']
49796	[179563]	[3]	[ 3.83333]	['The Russell Girl (2008)']
49796	[179531]	[2]	[ 4.]	['Apple of My Eye (2017)']
49796	[179567]	[1]	[ 5.]	['Change of Plans (2011)']
49796	[179617]	[1]	[ 5.]	['Dornr\xc3\xb6schen (2009)']
49796	[165381]	[1]	[ 5.]	['Sneeuwwitje en de zeven kleine mensen (2015)']
50330	[137026]	[1]	[ 5.]	['Tainted Blood (1993)']
50330	[183013]	[2]	[ 3.5]	['I Can No Longer Hear the Guitar (1991)']
50330	[159125]	[1]	[ 5.]	"[""Anybody's Son Will Do""]"
50330	[182345]	[1]	[ 5.]	['Hands of a Murderer (1990)']
50330	[159123]	[1]	[ 5.]	['Catching Out (2003)']
50330	[183085]	[2]	[ 4.25]	['That Guy Dick Miller (2014)']
50330	[137006]	[1]	[ 5.]	['Poison (2000)']
50330	[159133]	[3]	[ 2.83333]	['Visions of Frank (2007)']
50330	[183941]	[2]	[ 3.5]	['Return of the Blind Dead (1973)']
50330	[170865]	[3]	[ 4.16667]	"[""Back to the Well: 'Clerks II' (2006)""]"
50330	[178739]	[1]	[ 5.]	['Kiss Me Kate (2003)']
50330	[159135]	[1]	[ 5.]	['The Viking (1931)']
50330	[151989]	[1]	[ 5.]	['The Thorn (1971)']
50330	[164278]	[1]	[ 5.]	[ 'Going Attractions: The Definitive Story of the American Drive-in Movie (2013)']
50330	[180585]	[1]	[ 5.]	['The Man Who Came to Dinner (2000)']
50330	[177209]	[1]	[ 5.]	['Ac\xc4\xb1 A\xc5\x9fk (2009)']
50330	[159471]	[1]	[ 5.]	"[""Evening's Civil Twilight in Empires of Tin (2008)""]"
50330	[138172]	[1]	[ 5.]	['Baseline (2010)']
50330	[178845]	[1]	[ 5.]	['The Lost City of Cecil B. DeMille']
50330	[154341]	[1]	[ 5.]	['Twist (1992)']
51444	[182657]	[1]	[ 5.]	['Pale (2016)']
51444	[151989]	[1]	[ 5.]	['The Thorn (1971)']
51444	[137032]	[1]	[ 5.]	['The Perfect Neighbor (2005)']
51444	[110108]	[1]	[ 5.]	['Asphalt Playground (La cit\xc3\xa9 rose) (2012)']
51444	[159467]	[3]	[ 3.66667]	['Fifi Howls from Happiness (2013)']
51444	[137026]	[1]	[ 5.]	['Tainted Blood (1993)']
51444	[137006]	[1]	[ 5.]	['Poison (2000)']
51444	[159471]	[1]	[ 5.]	"[""Evening's Civil Twilight in Empires of Tin (2008)""]"
51444	[159123]	[1]	[ 5.]	['Catching Out (2003)']
51444	[159125]	[1]	[ 5.]	"[""Anybody's Son Will Do""]"
51444	[137078]	[1]	[ 5.]	['Stranger in My House (1999)']
51444	[182793]	[3]	[ 4.33333]	['The Purple Sea (2009)']
51444	[137016]	[1]	[ 5.]	"[""A Daughter's Nightmare (2014)""]"
51444	[177209]	[1]	[ 5.]	['Ac\xc4\xb1 A\xc5\x9fk (2009)']
51444	[182781]	[1]	[ 5.]	['Amori che non sanno stare al mondo (2017)']
51444	[182527]	[1]	[ 5.]	['Ciutat morta (2014)']
51444	[138172]	[1]	[ 5.]	['Baseline (2010)']
51444	[159133]	[3]	[ 2.83333]	['Visions of Frank (2007)']
51444	[159135]	[1]	[ 5.]	['The Viking (1931)']
51875	[171221]	[2]	[ 4.25]	['Isolation (2015)']
51875	[180839]	[2]	[ 2.75]	['Operation Rogue (2014)']
51875	[183013]	[2]	[ 3.5]	['I Can No Longer Hear the Guitar (1991)']
51875	[124903]	[1]	[ 5.]	['Styx (2001)']
51875	[159048]	[1]	[ 5.]	['One Way Out (2002)']
51875	[132124]	[1]	[ 5.]	['Say Nothing (2001)']
51875	[159050]	[1]	[ 5.]	"[""The Pilot's Wife (2005)""]"
51875	[159467]	[3]	[ 3.66667]	['Fifi Howls from Happiness (2013)']
51875	[137964]	[1]	[ 5.]	['Casualties (1997)']
51875	[122701]	[1]	[ 5.]	['Love, Cheat & Steal (1993)']
51875	[140014]	[1]	[ 5.]	"[""Brother's Keeper (2013)""]"
51875	[159471]	[1]	[ 5.]	"[""Evening's Civil Twilight in Empires of Tin (2008)""]"
51875	[116243]	[1]	[ 5.]	['Convicted (1931)']
51875	[159123]	[1]	[ 5.]	['Catching Out (2003)']
51875	[159125]	[1]	[ 5.]	"[""Anybody's Son Will Do""]"
51875	[159053]	[1]	[ 5.]	['In Her Line of Fire (2006)']
51875	[142903]	[1]	[ 5.]	['Ricochet (2011)']
51875	[138172]	[1]	[ 5.]	['Baseline (2010)']
51875	[159133]	[3]	[ 2.83333]	['Visions of Frank (2007)']
51875	[159135]	[1]	[ 5.]	['The Viking (1931)']
51890	[1248]	[5319]	[ 4.15163]	['Touch of Evil (1958)']
51890	[176959]	[1]	[ 5.]	['The Chess Game (1994)']
51890	[1251]	[3792]	[ 4.02637]	['8 1/2 (8\xc2\xbd) (1963)']
51890	[1252]	[19033]	[ 4.15231]	['Chinatown (1974)']
51890	[183013]	[2]	[ 3.5]	['I Can No Longer Hear the Guitar (1991)']
51890	[132124]	[1]	[ 5.]	['Say Nothing (2001)']
51890	[138172]	[1]	[ 5.]	['Baseline (2010)']
51890	[159467]	[3]	[ 3.66667]	['Fifi Howls from Happiness (2013)']
51890	[8620]	[629]	[ 3.9841]	['Exterminating Angel, The (\xc3\x81ngel exterminador, El) (1962)']
51890	[26094]	[336]	[ 3.98363]	"[""Eclisse, L' (Eclipse) (1962)""]"
51890	[159471]	[1]	[ 5.]	"[""Evening's Civil Twilight in Empires of Tin (2008)""]"
51890	[3093]	[1561]	[ 3.82095]	['McCabe & Mrs. Miller (1971)']
51890	[159123]	[1]	[ 5.]	['Catching Out (2003)']
51890	[159125]	[1]	[ 5.]	"[""Anybody's Son Will Do""]"
51890	[7748]	[584]	[ 3.89812]	['Pierrot le fou (1965)']
51890	[1284]	[6457]	[ 4.1599]	['Big Sleep, The (1946)']
51890	[6783]	[914]	[ 4.01586]	['Rules of the Game, The (La r\xc3\xa8gle du jeu) (1939)']
51890	[1212]	[7947]	[ 4.20404]	['Third Man, The (1949)']
51890	[159133]	[3]	[ 2.83333]	['Visions of Frank (2007)']
51890	[159135]	[1]	[ 5.]	['The Viking (1931)']
51939	[171221]	[2]	[ 4.25]	['Isolation (2015)']
51939	[180839]	[2]	[ 2.75]	['Operation Rogue (2014)']
51939	[124903]	[1]	[ 5.]	['Styx (2001)']
51939	[159048]	[1]	[ 5.]	['One Way Out (2002)']
51939	[132124]	[1]	[ 5.]	['Say Nothing (2001)']
51939	[159050]	[1]	[ 5.]	"[""The Pilot's Wife (2005)""]"
51939	[159467]	[3]	[ 3.66667]	['Fifi Howls from Happiness (2013)']
51939	[137964]	[1]	[ 5.]	['Casualties (1997)']
51939	[122701]	[1]	[ 5.]	['Love, Cheat & Steal (1993)']
51939	[140014]	[1]	[ 5.]	"[""Brother's Keeper (2013)""]"
51939	[159471]	[1]	[ 5.]	"[""Evening's Civil Twilight in Empires of Tin (2008)""]"
51939	[116243]	[1]	[ 5.]	['Convicted (1931)']
51939	[159123]	[1]	[ 5.]	['Catching Out (2003)']
51939	[109762]	[1]	[ 5.]	['Black Widow (Dark Beauty) (2008)']
51939	[159125]	[1]	[ 5.]	"[""Anybody's Son Will Do""]"
51939	[159053]	[1]	[ 5.]	['In Her Line of Fire (2006)']
51939	[142903]	[1]	[ 5.]	['Ricochet (2011)']
51939	[138172]	[1]	[ 5.]	['Baseline (2010)']
51939	[159133]	[3]	[ 2.83333]	['Visions of Frank (2007)']
51939	[159135]	[1]	[ 5.]	['The Viking (1931)']
51966	[137024]	[1]	[ 5.]	['The Perfect Nanny (2000)']
51966	[136992]	[1]	[ 5.]	"[""When He Didn't Come Home (1998)""]"
51966	[137026]	[1]	[ 5.]	['Tainted Blood (1993)']
51966	[137038]	[1]	[ 5.]	['The Perfect Wife (2001)']
51966	[137046]	[1]	[ 5.]	['The Perfect Assistant (2008)']
51966	[137032]	[1]	[ 5.]	['The Perfect Neighbor (2005)']
51966	[159467]	[3]	[ 3.66667]	['Fifi Howls from Happiness (2013)']
51966	[137006]	[1]	[ 5.]	['Poison (2000)']
51966	[159471]	[1]	[ 5.]	"[""Evening's Civil Twilight in Empires of Tin (2008)""]"
51966	[137048]	[1]	[ 5.]	['Perfect Child (2007)']
51966	[159123]	[1]	[ 5.]	['Catching Out (2003)']
51966	[159125]	[1]	[ 5.]	"[""Anybody's Son Will Do""]"
51966	[137078]	[1]	[ 5.]	['Stranger in My House (1999)']
51966	[137016]	[1]	[ 5.]	"[""A Daughter's Nightmare (2014)""]"
51966	[136996]	[1]	[ 5.]	['The Wrong Girl (1999)']
51966	[137064]	[1]	[ 5.]	['Twisted Desire (1996)']
51966	[136988]	[1]	[ 5.]	['The Good Mistress (2014)']
51966	[159133]	[3]	[ 2.83333]	['Visions of Frank (2007)']
51966	[137022]	[1]	[ 5.]	"[""A Nanny's Revenge (2012)""]"
51966	[159135]	[1]	[ 5.]	['The Viking (1931)']
51982	[136992]	[1]	[ 5.]	"[""When He Didn't Come Home (1998)""]"
51982	[182657]	[1]	[ 5.]	['Pale (2016)']
51982	[137026]	[1]	[ 5.]	['Tainted Blood (1993)']
51982	[137024]	[1]	[ 5.]	['The Perfect Nanny (2000)']
51982	[137038]	[1]	[ 5.]	['The Perfect Wife (2001)']
51982	[136988]	[1]	[ 5.]	['The Good Mistress (2014)']
51982	[137032]	[1]	[ 5.]	['The Perfect Neighbor (2005)']
51982	[182793]	[3]	[ 4.33333]	['The Purple Sea (2009)']
51982	[107434]	[1]	[ 5.]	['Diplomatic Immunity (2009\xe2\x80\x93 )']
51982	[137006]	[1]	[ 5.]	['Poison (2000)']
51982	[137048]	[1]	[ 5.]	['Perfect Child (2007)']
51982	[151989]	[1]	[ 5.]	['The Thorn (1971)']
51982	[137078]	[1]	[ 5.]	['Stranger in My House (1999)']
51982	[137016]	[1]	[ 5.]	"[""A Daughter's Nightmare (2014)""]"
51982	[137064]	[1]	[ 5.]	['Twisted Desire (1996)']
51982	[138172]	[1]	[ 5.]	['Baseline (2010)']
51982	[182781]	[1]	[ 5.]	['Amori che non sanno stare al mondo (2017)']
51982	[110108]	[1]	[ 5.]	['Asphalt Playground (La cit\xc3\xa9 rose) (2012)']
51982	[182527]	[1]	[ 5.]	['Ciutat morta (2014)']
52146	[137964]	[1]	[ 5.]	['Casualties (1997)']
52146	[140014]	[1]	[ 5.]	"[""Brother's Keeper (2013)""]"
52146	[171221]	[2]	[ 4.25]	['Isolation (2015)']
52146	[183013]	[2]	[ 3.5]	['I Can No Longer Hear the Guitar (1991)']
52146	[180839]	[2]	[ 2.75]	['Operation Rogue (2014)']
52146	[159048]	[1]	[ 5.]	['One Way Out (2002)']
52146	[151989]	[1]	[ 5.]	['The Thorn (1971)']
52146	[159050]	[1]	[ 5.]	"[""The Pilot's Wife (2005)""]"
52146	[159467]	[3]	[ 3.66667]	['Fifi Howls from Happiness (2013)']
52146	[122701]	[1]	[ 5.]	['Love, Cheat & Steal (1993)']
52146	[132124]	[1]	[ 5.]	['Say Nothing (2001)']
52146	[159471]	[1]	[ 5.]	"[""Evening's Civil Twilight in Empires of Tin (2008)""]"
52146	[159123]	[1]	[ 5.]	['Catching Out (2003)']
52146	[159125]	[1]	[ 5.]	"[""Anybody's Son Will Do""]"
52146	[159053]	[1]	[ 5.]	['In Her Line of Fire (2006)']
52146	[142903]	[1]	[ 5.]	['Ricochet (2011)']
52146	[138172]	[1]	[ 5.]	['Baseline (2010)']
52146	[159133]	[3]	[ 2.83333]	['Visions of Frank (2007)']
52146	[159135]	[1]	[ 5.]	['The Viking (1931)']
53023	[137024]	[1]	[ 5.]	['The Perfect Nanny (2000)']
53023	[137026]	[1]	[ 5.]	['Tainted Blood (1993)']
53023	[137038]	[1]	[ 5.]	['The Perfect Wife (2001)']
53023	[137032]	[1]	[ 5.]	['The Perfect Neighbor (2005)']
53023	[136988]	[1]	[ 5.]	['The Good Mistress (2014)']
53023	[159467]	[3]	[ 3.66667]	['Fifi Howls from Happiness (2013)']
53023	[137006]	[1]	[ 5.]	['Poison (2000)']
53023	[159471]	[1]	[ 5.]	"[""Evening's Civil Twilight in Empires of Tin (2008)""]"
53023	[137048]	[1]	[ 5.]	['Perfect Child (2007)']
53023	[159123]	[1]	[ 5.]	['Catching Out (2003)']
53023	[159125]	[1]	[ 5.]	"[""Anybody's Son Will Do""]"
53023	[137078]	[1]	[ 5.]	['Stranger in My House (1999)']
53023	[137016]	[1]	[ 5.]	"[""A Daughter's Nightmare (2014)""]"
53023	[136996]	[1]	[ 5.]	['The Wrong Girl (1999)']
53023	[137064]	[1]	[ 5.]	['Twisted Desire (1996)']
53023	[138172]	[1]	[ 5.]	['Baseline (2010)']
53023	[159133]	[3]	[ 2.83333]	['Visions of Frank (2007)']
53023	[137022]	[1]	[ 5.]	"[""A Nanny's Revenge (2012)""]"
53023	[159135]	[1]	[ 5.]	['The Viking (1931)']
53834	[182657]	[1]	[ 5.]	['Pale (2016)']
53834	[135055]	[1]	[ 5.]	['The End of a Mystery (2003)']
53834	[183013]	[2]	[ 3.5]	['I Can No Longer Hear the Guitar (1991)']
53834	[151989]	[1]	[ 5.]	['The Thorn (1971)']
53834	[107434]	[1]	[ 5.]	['Diplomatic Immunity (2009\xe2\x80\x93 )']
53834	[159467]	[3]	[ 3.66667]	['Fifi Howls from Happiness (2013)']
53834	[137006]	[1]	[ 5.]	['Poison (2000)']
53834	[159471]	[1]	[ 5.]	"[""Evening's Civil Twilight in Empires of Tin (2008)""]"
53834	[159123]	[1]	[ 5.]	['Catching Out (2003)']
53834	[159125]	[1]	[ 5.]	"[""Anybody's Son Will Do""]"
53834	[182793]	[3]	[ 4.33333]	['The Purple Sea (2009)']
53834	[177209]	[1]	[ 5.]	['Ac\xc4\xb1 A\xc5\x9fk (2009)']
53834	[182781]	[1]	[ 5.]	['Amori che non sanno stare al mondo (2017)']
53834	[182527]	[1]	[ 5.]	['Ciutat morta (2014)']
53834	[110108]	[1]	[ 5.]	['Asphalt Playground (La cit\xc3\xa9 rose) (2012)']
53834	[159133]	[3]	[ 2.83333]	['Visions of Frank (2007)']
53834	[138172]	[1]	[ 5.]	['Baseline (2010)']
53834	[159135]	[1]	[ 5.]	['The Viking (1931)']
54018	[93967]	[1]	[ 5.]	['Keeping the Promise (Sign of the Beaver, The) (1997)']
54018	[151989]	[1]	[ 5.]	['The Thorn (1971)']
54018	[94972]	[1]	[ 5.]	['Best of Ernie and Bert, The (1988)']
54018	[169820]	[1]	[ 5.]	['To Be the Best (1993)']
54018	[95977]	[1]	[ 5.]	['Junior Prom (1946)']
54018	[159467]	[3]	[ 3.66667]	['Fifi Howls from Happiness (2013)']
54018	[146487]	[1]	[ 5.]	['Maciste in Hell of Genghis Khan (1964)']
54018	[159123]	[1]	[ 5.]	['Catching Out (2003)']
54018	[95517]	[5]	[ 4.9]	['Barchester Chronicles, The (1982)']
54018	[159125]	[1]	[ 5.]	"[""Anybody's Son Will Do""]"
54018	[146489]	[1]	[ 5.]	['Hercules Against the Mongols (1963)']
54018	[169816]	[1]	[ 5.]	['Day of the Panther (1988)']
54018	[147966]	[1]	[ 5.]	"[""Tarzan's Fight for Life (1958)""]"
54018	[169818]	[1]	[ 5.]	['FB: Fighting Beat (2007)']
54018	[159471]	[1]	[ 5.]	"[""Evening's Civil Twilight in Empires of Tin (2008)""]"
54018	[138172]	[1]	[ 5.]	['Baseline (2010)']
54018	[159133]	[3]	[ 2.83333]	['Visions of Frank (2007)']
54018	[160030]	[1]	[ 5.]	['Goliath and the Sins of Babylon (1963)']
54018	[159135]	[1]	[ 5.]	['The Viking (1931)']
54441	[136992]	[1]	[ 5.]	"[""When He Didn't Come Home (1998)""]"
54441	[137024]	[1]	[ 5.]	['The Perfect Nanny (2000)']
54441	[137026]	[1]	[ 5.]	['Tainted Blood (1993)']
54441	[137038]	[1]	[ 5.]	['The Perfect Wife (2001)']
54441	[183013]	[2]	[ 3.5]	['I Can No Longer Hear the Guitar (1991)']
54441	[137032]	[1]	[ 5.]	['The Perfect Neighbor (2005)']
54441	[136988]	[1]	[ 5.]	['The Good Mistress (2014)']
54441	[159467]	[3]	[ 3.66667]	['Fifi Howls from Happiness (2013)']
54441	[137006]	[1]	[ 5.]	['Poison (2000)']
54441	[159471]	[1]	[ 5.]	"[""Evening's Civil Twilight in Empires of Tin (2008)""]"
54441	[137048]	[1]	[ 5.]	['Perfect Child (2007)']
54441	[159123]	[1]	[ 5.]	['Catching Out (2003)']
54441	[159125]	[1]	[ 5.]	"[""Anybody's Son Will Do""]"
54441	[137078]	[1]	[ 5.]	['Stranger in My House (1999)']
54441	[137016]	[1]	[ 5.]	"[""A Daughter's Nightmare (2014)""]"
54441	[136996]	[1]	[ 5.]	['The Wrong Girl (1999)']
54441	[137064]	[1]	[ 5.]	['Twisted Desire (1996)']
54441	[110108]	[1]	[ 5.]	['Asphalt Playground (La cit\xc3\xa9 rose) (2012)']
54441	[159133]	[3]	[ 2.83333]	['Visions of Frank (2007)']
54441	[159135]	[1]	[ 5.]	['The Viking (1931)']
54449	[137601]	[1]	[ 5.]	['Duel of Hearts (1992)']
54449	[164771]	[1]	[ 5.]	['Love Finds You in Valentine (2016)']
54449	[179591]	[1]	[ 5.]	['A Royal Winter (2017)']
54449	[179589]	[2]	[ 5.]	['Windstorm 2 (2015)']
54449	[179527]	[3]	[ 3.33333]	['Annabelle Hooper and the Ghosts of Nantucket (2016)']
54449	[165383]	[1]	[ 5.]	['Assepoester: Een Modern Sprookje (2014)']
54449	[179625]	[1]	[ 5.]	['Die Sterntaler (2011)']
54449	[179723]	[1]	[ 5.]	['Rapunzel (2009)']
54449	[179535]	[1]	[ 5.]	['12 Dogs of Christmas: Great Puppy Rescue (2012)']
54449	[179617]	[1]	[ 5.]	['Dornr\xc3\xb6schen (2009)']
54449	[166223]	[1]	[ 5.]	['Von einem, der auszog, das F\xc3\xbcrchten zu lernen (2014)']
54449	[179567]	[1]	[ 5.]	['Change of Plans (2011)']
54449	[179581]	[2]	[ 4.]	['Love Blossoms (2017)']
54449	[164861]	[1]	[ 5.]	['Isabelle Dances Into the Spotlight (2014)']
54449	[164907]	[1]	[ 5.]	['A Star for Christmas (2012)']
54449	[179531]	[2]	[ 4.]	['Apple of My Eye (2017)']
54449	[179547]	[1]	[ 5.]	['Die G\xc3\xa4nsemagd (2009)']
54449	[110108]	[1]	[ 5.]	['Asphalt Playground (La cit\xc3\xa9 rose) (2012)']
54449	[179627]	[1]	[ 5.]	['Die kluge Bauerntochter (2009)']
54449	[179621]	[2]	[ 4.25]	['Frau Holle (2008)']
54466	[136992]	[1]	[ 5.]	"[""When He Didn't Come Home (1998)""]"
54466	[137024]	[1]	[ 5.]	['The Perfect Nanny (2000)']
54466	[137026]	[1]	[ 5.]	['Tainted Blood (1993)']
54466	[137038]	[1]	[ 5.]	['The Perfect Wife (2001)']
54466	[136988]	[1]	[ 5.]	['The Good Mistress (2014)']
54466	[137032]	[1]	[ 5.]	['The Perfect Neighbor (2005)']
54466	[110108]	[1]	[ 5.]	['Asphalt Playground (La cit\xc3\xa9 rose) (2012)']
54466	[159467]	[3]	[ 3.66667]	['Fifi Howls from Happiness (2013)']
54466	[151989]	[1]	[ 5.]	['The Thorn (1971)']
54466	[137006]	[1]	[ 5.]	['Poison (2000)']
54466	[159471]	[1]	[ 5.]	"[""Evening's Civil Twilight in Empires of Tin (2008)""]"
54466	[137048]	[1]	[ 5.]	['Perfect Child (2007)']
54466	[159123]	[1]	[ 5.]	['Catching Out (2003)']
54466	[159125]	[1]	[ 5.]	"[""Anybody's Son Will Do""]"
54466	[137078]	[1]	[ 5.]	['Stranger in My House (1999)']
54466	[137016]	[1]	[ 5.]	"[""A Daughter's Nightmare (2014)""]"
54466	[137064]	[1]	[ 5.]	['Twisted Desire (1996)']
54466	[138172]	[1]	[ 5.]	['Baseline (2010)']
54466	[159133]	[3]	[ 2.83333]	['Visions of Frank (2007)']
54466	[159135]	[1]	[ 5.]	['The Viking (1931)']
55448	[137024]	[1]	[ 5.]	['The Perfect Nanny (2000)']
55448	[137026]	[1]	[ 5.]	['Tainted Blood (1993)']
55448	[137038]	[1]	[ 5.]	['The Perfect Wife (2001)']
55448	[183013]	[2]	[ 3.5]	['I Can No Longer Hear the Guitar (1991)']
55448	[136988]	[1]	[ 5.]	['The Good Mistress (2014)']
55448	[137032]	[1]	[ 5.]	['The Perfect Neighbor (2005)']
55448	[151989]	[1]	[ 5.]	['The Thorn (1971)']
55448	[159467]	[3]	[ 3.66667]	['Fifi Howls from Happiness (2013)']
55448	[137006]	[1]	[ 5.]	['Poison (2000)']
55448	[159471]	[1]	[ 5.]	"[""Evening's Civil Twilight in Empires of Tin (2008)""]"
55448	[159123]	[1]	[ 5.]	['Catching Out (2003)']
55448	[159125]	[1]	[ 5.]	"[""Anybody's Son Will Do""]"
55448	[137078]	[1]	[ 5.]	['Stranger in My House (1999)']
55448	[137016]	[1]	[ 5.]	"[""A Daughter's Nightmare (2014)""]"
55448	[136996]	[1]	[ 5.]	['The Wrong Girl (1999)']
55448	[138172]	[1]	[ 5.]	['Baseline (2010)']
55448	[159133]	[3]	[ 2.83333]	['Visions of Frank (2007)']
55448	[110108]	[1]	[ 5.]	['Asphalt Playground (La cit\xc3\xa9 rose) (2012)']
55448	[159135]	[1]	[ 5.]	['The Viking (1931)']
55701	[140014]	[1]	[ 5.]	"[""Brother's Keeper (2013)""]"
55701	[171221]	[2]	[ 4.25]	['Isolation (2015)']
55701	[180839]	[2]	[ 2.75]	['Operation Rogue (2014)']
55701	[137964]	[1]	[ 5.]	['Casualties (1997)']
55701	[124903]	[1]	[ 5.]	['Styx (2001)']
55701	[159048]	[1]	[ 5.]	['One Way Out (2002)']
55701	[138172]	[1]	[ 5.]	['Baseline (2010)']
55701	[159050]	[1]	[ 5.]	"[""The Pilot's Wife (2005)""]"
55701	[159467]	[3]	[ 3.66667]	['Fifi Howls from Happiness (2013)']
55701	[122701]	[1]	[ 5.]	['Love, Cheat & Steal (1993)']
55701	[132124]	[1]	[ 5.]	['Say Nothing (2001)']
55701	[159471]	[1]	[ 5.]	"[""Evening's Civil Twilight in Empires of Tin (2008)""]"
55701	[159123]	[1]	[ 5.]	['Catching Out (2003)']
55701	[159125]	[1]	[ 5.]	"[""Anybody's Son Will Do""]"
55701	[159053]	[1]	[ 5.]	['In Her Line of Fire (2006)']
55701	[142903]	[1]	[ 5.]	['Ricochet (2011)']
55701	[110108]	[1]	[ 5.]	['Asphalt Playground (La cit\xc3\xa9 rose) (2012)']
55701	[159133]	[3]	[ 2.83333]	['Visions of Frank (2007)']
55701	[159135]	[1]	[ 5.]	['The Viking (1931)']
55768	[171221]	[2]	[ 4.25]	['Isolation (2015)']
55768	[180839]	[2]	[ 2.75]	['Operation Rogue (2014)']
55768	[183013]	[2]	[ 3.5]	['I Can No Longer Hear the Guitar (1991)']
55768	[124903]	[1]	[ 5.]	['Styx (2001)']
55768	[159048]	[1]	[ 5.]	['One Way Out (2002)']
55768	[159050]	[1]	[ 5.]	"[""The Pilot's Wife (2005)""]"
55768	[159467]	[3]	[ 3.66667]	['Fifi Howls from Happiness (2013)']
55768	[137964]	[1]	[ 5.]	['Casualties (1997)']
55768	[122701]	[1]	[ 5.]	['Love, Cheat & Steal (1993)']
55768	[140014]	[1]	[ 5.]	"[""Brother's Keeper (2013)""]"
55768	[159471]	[1]	[ 5.]	"[""Evening's Civil Twilight in Empires of Tin (2008)""]"
55768	[116243]	[1]	[ 5.]	['Convicted (1931)']
55768	[159123]	[1]	[ 5.]	['Catching Out (2003)']
55768	[109762]	[1]	[ 5.]	['Black Widow (Dark Beauty) (2008)']
55768	[159125]	[1]	[ 5.]	"[""Anybody's Son Will Do""]"
55768	[159053]	[1]	[ 5.]	['In Her Line of Fire (2006)']
55768	[142903]	[1]	[ 5.]	['Ricochet (2011)']
55768	[132124]	[1]	[ 5.]	['Say Nothing (2001)']
55768	[159133]	[3]	[ 2.83333]	['Visions of Frank (2007)']
55768	[159135]	[1]	[ 5.]	['The Viking (1931)']
55951	[151989]	[1]	[ 5.]	['The Thorn (1971)']
55951	[137038]	[1]	[ 5.]	['The Perfect Wife (2001)']
55951	[183013]	[2]	[ 3.5]	['I Can No Longer Hear the Guitar (1991)']
55951	[136988]	[1]	[ 5.]	['The Good Mistress (2014)']
55951	[137032]	[1]	[ 5.]	['The Perfect Neighbor (2005)']
55951	[138172]	[1]	[ 5.]	['Baseline (2010)']
55951	[159467]	[3]	[ 3.66667]	['Fifi Howls from Happiness (2013)']
55951	[137026]	[1]	[ 5.]	['Tainted Blood (1993)']
55951	[137006]	[1]	[ 5.]	['Poison (2000)']
55951	[159471]	[1]	[ 5.]	"[""Evening's Civil Twilight in Empires of Tin (2008)""]"
55951	[137048]	[1]	[ 5.]	['Perfect Child (2007)']
55951	[159123]	[1]	[ 5.]	['Catching Out (2003)']
55951	[159125]	[1]	[ 5.]	"[""Anybody's Son Will Do""]"
55951	[137078]	[1]	[ 5.]	['Stranger in My House (1999)']
55951	[137016]	[1]	[ 5.]	"[""A Daughter's Nightmare (2014)""]"
55951	[137064]	[1]	[ 5.]	['Twisted Desire (1996)']
55951	[110108]	[1]	[ 5.]	['Asphalt Playground (La cit\xc3\xa9 rose) (2012)']
55951	[159133]	[3]	[ 2.83333]	['Visions of Frank (2007)']
55951	[159135]	[1]	[ 5.]	['The Viking (1931)']
56103	[134849]	[222]	[ 3.98198]	['Duck Amuck (1953)']
56103	[105250]	[207]	[ 4.07729]	['Century of the Self, The (2002)']
56103	[26150]	[942]	[ 4.05096]	['Andrei Rublev (Andrey Rublyov) (1969)']
56103	[124903]	[1]	[ 5.]	['Styx (2001)']
56103	[159048]	[1]	[ 5.]	['One Way Out (2002)']
56103	[6985]	[1027]	[ 3.99513]	"[""Passion of Joan of Arc, The (Passion de Jeanne d'Arc, La) (1928)""]"
56103	[159050]	[1]	[ 5.]	"[""The Pilot's Wife (2005)""]"
56103	[159467]	[3]	[ 3.66667]	['Fifi Howls from Happiness (2013)']
56103	[137964]	[1]	[ 5.]	['Casualties (1997)']
56103	[122701]	[1]	[ 5.]	['Love, Cheat & Steal (1993)']
56103	[140014]	[1]	[ 5.]	"[""Brother's Keeper (2013)""]"
56103	[159471]	[1]	[ 5.]	"[""Evening's Civil Twilight in Empires of Tin (2008)""]"
56103	[720]	[9670]	[ 4.03557]	['Wallace & Gromit: The Best of Aardman Animation (1996)']
56103	[171221]	[2]	[ 4.25]	['Isolation (2015)']
56103	[159123]	[1]	[ 5.]	['Catching Out (2003)']
56103	[159125]	[1]	[ 5.]	"[""Anybody's Son Will Do""]"
56103	[26587]	[546]	[ 4.11264]	['Decalogue, The (Dekalog) (1989)']
56103	[132124]	[1]	[ 5.]	['Say Nothing (2001)']
56103	[159133]	[3]	[ 2.83333]	['Visions of Frank (2007)']
56103	[159135]	[1]	[ 5.]	['The Viking (1931)']
56116	[179723]	[1]	[ 5.]	['Rapunzel (2009)']
56116	[137601]	[1]	[ 5.]	['Duel of Hearts (1992)']
56116	[179527]	[3]	[ 3.33333]	['Annabelle Hooper and the Ghosts of Nantucket (2016)']
56116	[164771]	[1]	[ 5.]	['Love Finds You in Valentine (2016)']
56116	[179591]	[1]	[ 5.]	['A Royal Winter (2017)']
56116	[179589]	[2]	[ 5.]	['Windstorm 2 (2015)']
56116	[165383]	[1]	[ 5.]	['Assepoester: Een Modern Sprookje (2014)']
56116	[179625]	[1]	[ 5.]	['Die Sterntaler (2011)']
56116	[159467]	[3]	[ 3.66667]	['Fifi Howls from Happiness (2013)']
56116	[159471]	[1]	[ 5.]	"[""Evening's Civil Twilight in Empires of Tin (2008)""]"
56116	[179617]	[1]	[ 5.]	['Dornr\xc3\xb6schen (2009)']
56116	[159123]	[1]	[ 5.]	['Catching Out (2003)']
56116	[159125]	[1]	[ 5.]	"[""Anybody's Son Will Do""]"
56116	[179581]	[2]	[ 4.]	['Love Blossoms (2017)']
56116	[179627]	[1]	[ 5.]	['Die kluge Bauerntochter (2009)']
56116	[179531]	[2]	[ 4.]	['Apple of My Eye (2017)']
56116	[179535]	[1]	[ 5.]	['12 Dogs of Christmas: Great Puppy Rescue (2012)']
56116	[110108]	[1]	[ 5.]	['Asphalt Playground (La cit\xc3\xa9 rose) (2012)']
56116	[159133]	[3]	[ 2.83333]	['Visions of Frank (2007)']
56116	[159135]	[1]	[ 5.]	['The Viking (1931)']
56291	[171221]	[2]	[ 4.25]	['Isolation (2015)']
56291	[180839]	[2]	[ 2.75]	['Operation Rogue (2014)']
56291	[137964]	[1]	[ 5.]	['Casualties (1997)']
56291	[124903]	[1]	[ 5.]	['Styx (2001)']
56291	[159048]	[1]	[ 5.]	['One Way Out (2002)']
56291	[132124]	[1]	[ 5.]	['Say Nothing (2001)']
56291	[159050]	[1]	[ 5.]	"[""The Pilot's Wife (2005)""]"
56291	[159467]	[3]	[ 3.66667]	['Fifi Howls from Happiness (2013)']
56291	[122701]	[1]	[ 5.]	['Love, Cheat & Steal (1993)']
56291	[140014]	[1]	[ 5.]	"[""Brother's Keeper (2013)""]"
56291	[159471]	[1]	[ 5.]	"[""Evening's Civil Twilight in Empires of Tin (2008)""]"
56291	[183013]	[2]	[ 3.5]	['I Can No Longer Hear the Guitar (1991)']
56291	[159123]	[1]	[ 5.]	['Catching Out (2003)']
56291	[159125]	[1]	[ 5.]	"[""Anybody's Son Will Do""]"
56291	[159053]	[1]	[ 5.]	['In Her Line of Fire (2006)']
56291	[142903]	[1]	[ 5.]	['Ricochet (2011)']
56291	[138172]	[1]	[ 5.]	['Baseline (2010)']
56291	[159133]	[3]	[ 2.83333]	['Visions of Frank (2007)']
56291	[159135]	[1]	[ 5.]	['The Viking (1931)']
56427	[182657]	[1]	[ 5.]	['Pale (2016)']
56427	[143833]	[1]	[ 5.]	['The Thursday (1964)']
56427	[177921]	[1]	[ 5.]	['Gesuzza, La Sposa Garibaldina (1934)']
56427	[178881]	[1]	[ 5.]	['The Visitor (1964)']
56427	[110108]	[1]	[ 5.]	['Asphalt Playground (La cit\xc3\xa9 rose) (2012)']
56427	[179019]	[2]	[ 4.5]	['Mercy (2012)']
56427	[135310]	[1]	[ 5.]	['The Unfaithfuls (1953)']
56427	[177903]	[1]	[ 5.]	['Near Death (1989)']
56427	[178057]	[1]	[ 5.]	['A Boring Story (1983)']
56427	[178417]	[1]	[ 5.]	['A Lustful Man (1961)']
56427	[151989]	[1]	[ 5.]	['The Thorn (1971)']
56427	[182793]	[3]	[ 4.33333]	['The Purple Sea (2009)']
56427	[168888]	[2]	[ 3.5]	['Third Guest']
56427	[177209]	[1]	[ 5.]	['Ac\xc4\xb1 A\xc5\x9fk (2009)']
56427	[179065]	[3]	[ 4.]	['Scarred Hearts (2016)']
56427	[178415]	[1]	[ 5.]	['The Ra Expeditions (1972)']
56427	[138172]	[1]	[ 5.]	['Baseline (2010)']
56427	[182781]	[1]	[ 5.]	['Amori che non sanno stare al mondo (2017)']
56427	[130558]	[1]	[ 5.]	['Shark Kill (1976)']
56427	[182527]	[1]	[ 5.]	['Ciutat morta (2014)']
56478	[137024]	[1]	[ 5.]	['The Perfect Nanny (2000)']
56478	[151989]	[1]	[ 5.]	['The Thorn (1971)']
56478	[137038]	[1]	[ 5.]	['The Perfect Wife (2001)']
56478	[136988]	[1]	[ 5.]	['The Good Mistress (2014)']
56478	[137032]	[1]	[ 5.]	['The Perfect Neighbor (2005)']
56478	[110108]	[1]	[ 5.]	['Asphalt Playground (La cit\xc3\xa9 rose) (2012)']
56478	[159467]	[3]	[ 3.66667]	['Fifi Howls from Happiness (2013)']
56478	[137026]	[1]	[ 5.]	['Tainted Blood (1993)']
56478	[137006]	[1]	[ 5.]	['Poison (2000)']
56478	[159471]	[1]	[ 5.]	"[""Evening's Civil Twilight in Empires of Tin (2008)""]"
56478	[137048]	[1]	[ 5.]	['Perfect Child (2007)']
56478	[159123]	[1]	[ 5.]	['Catching Out (2003)']
56478	[159125]	[1]	[ 5.]	"[""Anybody's Son Will Do""]"
56478	[137078]	[1]	[ 5.]	['Stranger in My House (1999)']
56478	[137016]	[1]	[ 5.]	"[""A Daughter's Nightmare (2014)""]"
56478	[136996]	[1]	[ 5.]	['The Wrong Girl (1999)']
56478	[138172]	[1]	[ 5.]	['Baseline (2010)']
56478	[159133]	[3]	[ 2.83333]	['Visions of Frank (2007)']
56478	[137022]	[1]	[ 5.]	"[""A Nanny's Revenge (2012)""]"
56478	[159135]	[1]	[ 5.]	['The Viking (1931)']
