Recommendation Details for test set using full profile and 100 features				
userId	movieId	popularity	avgRating	title
42273	[151989]	[1]	[ 5.]	['The Thorn (1971)']
42273	[159467]	[3]	[ 3.66667]	['Fifi Howls from Happiness (2013)']
42273	[129223]	[1]	[ 5.]	"[""Tarzan's Savage Fury (1952)""]"
42273	[169820]	[1]	[ 5.]	['To Be the Best (1993)']
42273	[122535]	[1]	[ 5.]	['White Tiger (1996)']
42273	[169818]	[1]	[ 5.]	['FB: Fighting Beat (2007)']
42273	[159471]	[1]	[ 5.]	"[""Evening's Civil Twilight in Empires of Tin (2008)""]"
42273	[160030]	[1]	[ 5.]	['Goliath and the Sins of Babylon (1963)']
42273	[159123]	[1]	[ 5.]	['Catching Out (2003)']
42273	[145620]	[1]	[ 5.]	['Samson and the Seven Miracles of the World (1961)']
42273	[159125]	[1]	[ 5.]	"[""Anybody's Son Will Do""]"
42273	[160028]	[1]	[ 5.]	['Colossus of the Arena (1962)']
42273	[146487]	[1]	[ 5.]	['Maciste in Hell of Genghis Khan (1964)']
42273	[169816]	[1]	[ 5.]	['Day of the Panther (1988)']
42273	[146489]	[1]	[ 5.]	['Hercules Against the Mongols (1963)']
42273	[133013]	[1]	[ 5.]	['Temple of the White Elephant (1964)']
42273	[110108]	[1]	[ 5.]	['Asphalt Playground (La cit\xc3\xa9 rose) (2012)']
42273	[159133]	[3]	[ 2.83333]	['Visions of Frank (2007)']
42273	[147966]	[1]	[ 5.]	"[""Tarzan's Fight for Life (1958)""]"
42273	[159135]	[1]	[ 5.]	['The Viking (1931)']
42577	[151989]	[1]	[ 5.]	['The Thorn (1971)']
42577	[183013]	[2]	[ 3.5]	['I Can No Longer Hear the Guitar (1991)']
42577	[129223]	[1]	[ 5.]	"[""Tarzan's Savage Fury (1952)""]"
42577	[169820]	[1]	[ 5.]	['To Be the Best (1993)']
42577	[122535]	[1]	[ 5.]	['White Tiger (1996)']
42577	[169818]	[1]	[ 5.]	['FB: Fighting Beat (2007)']
42577	[159471]	[1]	[ 5.]	"[""Evening's Civil Twilight in Empires of Tin (2008)""]"
42577	[160030]	[1]	[ 5.]	['Goliath and the Sins of Babylon (1963)']
42577	[159123]	[1]	[ 5.]	['Catching Out (2003)']
42577	[145620]	[1]	[ 5.]	['Samson and the Seven Miracles of the World (1961)']
42577	[159125]	[1]	[ 5.]	"[""Anybody's Son Will Do""]"
42577	[160028]	[1]	[ 5.]	['Colossus of the Arena (1962)']
42577	[146487]	[1]	[ 5.]	['Maciste in Hell of Genghis Khan (1964)']
42577	[169816]	[1]	[ 5.]	['Day of the Panther (1988)']
42577	[146489]	[1]	[ 5.]	['Hercules Against the Mongols (1963)']
42577	[133013]	[1]	[ 5.]	['Temple of the White Elephant (1964)']
42577	[110108]	[1]	[ 5.]	['Asphalt Playground (La cit\xc3\xa9 rose) (2012)']
42577	[159133]	[3]	[ 2.83333]	['Visions of Frank (2007)']
42577	[147966]	[1]	[ 5.]	"[""Tarzan's Fight for Life (1958)""]"
42577	[159135]	[1]	[ 5.]	['The Viking (1931)']
42779	[182657]	[1]	[ 5.]	['Pale (2016)']
42779	[151989]	[1]	[ 5.]	['The Thorn (1971)']
42779	[183013]	[2]	[ 3.5]	['I Can No Longer Hear the Guitar (1991)']
42779	[146487]	[1]	[ 5.]	['Maciste in Hell of Genghis Khan (1964)']
42779	[129223]	[1]	[ 5.]	"[""Tarzan's Savage Fury (1952)""]"
42779	[110108]	[1]	[ 5.]	['Asphalt Playground (La cit\xc3\xa9 rose) (2012)']
42779	[146489]	[1]	[ 5.]	['Hercules Against the Mongols (1963)']
42779	[171821]	[1]	[ 5.]	['3-D Sex and Zen: Extreme Ecstasy (2011)']
42779	[159471]	[1]	[ 5.]	"[""Evening's Civil Twilight in Empires of Tin (2008)""]"
42779	[159123]	[1]	[ 5.]	['Catching Out (2003)']
42779	[159125]	[1]	[ 5.]	"[""Anybody's Son Will Do""]"
42779	[182793]	[3]	[ 4.33333]	['The Purple Sea (2009)']
42779	[169816]	[1]	[ 5.]	['Day of the Panther (1988)']
42779	[177209]	[1]	[ 5.]	['Ac\xc4\xb1 A\xc5\x9fk (2009)']
42779	[182781]	[1]	[ 5.]	['Amori che non sanno stare al mondo (2017)']
42779	[182527]	[1]	[ 5.]	['Ciutat morta (2014)']
42779	[138172]	[1]	[ 5.]	['Baseline (2010)']
42779	[159133]	[3]	[ 2.83333]	['Visions of Frank (2007)']
42779	[147966]	[1]	[ 5.]	"[""Tarzan's Fight for Life (1958)""]"
42779	[159135]	[1]	[ 5.]	['The Viking (1931)']
43130	[182657]	[1]	[ 5.]	['Pale (2016)']
43130	[146489]	[1]	[ 5.]	['Hercules Against the Mongols (1963)']
43130	[183013]	[2]	[ 3.5]	['I Can No Longer Hear the Guitar (1991)']
43130	[129223]	[1]	[ 5.]	"[""Tarzan's Savage Fury (1952)""]"
43130	[169820]	[1]	[ 5.]	['To Be the Best (1993)']
43130	[151989]	[1]	[ 5.]	['The Thorn (1971)']
43130	[138172]	[1]	[ 5.]	['Baseline (2010)']
43130	[146487]	[1]	[ 5.]	['Maciste in Hell of Genghis Khan (1964)']
43130	[159471]	[1]	[ 5.]	"[""Evening's Civil Twilight in Empires of Tin (2008)""]"
43130	[159123]	[1]	[ 5.]	['Catching Out (2003)']
43130	[159125]	[1]	[ 5.]	"[""Anybody's Son Will Do""]"
43130	[182793]	[3]	[ 4.33333]	['The Purple Sea (2009)']
43130	[169816]	[1]	[ 5.]	['Day of the Panther (1988)']
43130	[177209]	[1]	[ 5.]	['Ac\xc4\xb1 A\xc5\x9fk (2009)']
43130	[182781]	[1]	[ 5.]	['Amori che non sanno stare al mondo (2017)']
43130	[182527]	[1]	[ 5.]	['Ciutat morta (2014)']
43130	[110108]	[1]	[ 5.]	['Asphalt Playground (La cit\xc3\xa9 rose) (2012)']
43130	[159133]	[3]	[ 2.83333]	['Visions of Frank (2007)']
43130	[147966]	[1]	[ 5.]	"[""Tarzan's Fight for Life (1958)""]"
43130	[159135]	[1]	[ 5.]	['The Viking (1931)']
43256	[182657]	[1]	[ 5.]	['Pale (2016)']
43256	[146489]	[1]	[ 5.]	['Hercules Against the Mongols (1963)']
43256	[159467]	[3]	[ 3.66667]	['Fifi Howls from Happiness (2013)']
43256	[183013]	[2]	[ 3.5]	['I Can No Longer Hear the Guitar (1991)']
43256	[151989]	[1]	[ 5.]	['The Thorn (1971)']
43256	[138172]	[1]	[ 5.]	['Baseline (2010)']
43256	[]	[]	[]	[]
43256	[]	[]	[]	[]
43256	[159471]	[1]	[ 5.]	"[""Evening's Civil Twilight in Empires of Tin (2008)""]"
43256	[159123]	[1]	[ 5.]	['Catching Out (2003)']
43256	[159125]	[1]	[ 5.]	"[""Anybody's Son Will Do""]"
43256	[182793]	[3]	[ 4.33333]	['The Purple Sea (2009)']
43256	[169816]	[1]	[ 5.]	['Day of the Panther (1988)']
43256	[177209]	[1]	[ 5.]	['Ac\xc4\xb1 A\xc5\x9fk (2009)']
43256	[182781]	[1]	[ 5.]	['Amori che non sanno stare al mondo (2017)']
43256	[182527]	[1]	[ 5.]	['Ciutat morta (2014)']
43256	[110108]	[1]	[ 5.]	['Asphalt Playground (La cit\xc3\xa9 rose) (2012)']
43256	[159133]	[3]	[ 2.83333]	['Visions of Frank (2007)']
43256	[147966]	[1]	[ 5.]	"[""Tarzan's Fight for Life (1958)""]"
43256	[159135]	[1]	[ 5.]	['The Viking (1931)']
43450	[109762]	[1]	[ 5.]	['Black Widow (Dark Beauty) (2008)']
43450	[180839]	[1]	[ 5.]	['Operation Rogue (2014)']
43450	[159048]	[1]	[ 5.]	['One Way Out (2002)']
43450	[110108]	[1]	[ 5.]	['Asphalt Playground (La cit\xc3\xa9 rose) (2012)']
43450	[159050]	[1]	[ 5.]	"[""The Pilot's Wife (2005)""]"
43450	[124903]	[1]	[ 5.]	['Styx (2001)']
43450	[137964]	[1]	[ 5.]	['Casualties (1997)']
43450	[122701]	[1]	[ 5.]	['Love, Cheat & Steal (1993)']
43450	[140014]	[1]	[ 5.]	"[""Brother's Keeper (2013)""]"
43450	[159471]	[1]	[ 5.]	"[""Evening's Civil Twilight in Empires of Tin (2008)""]"
43450	[116243]	[1]	[ 5.]	['Convicted (1931)']
43450	[171221]	[2]	[ 4.25]	['Isolation (2015)']
43450	[159123]	[1]	[ 5.]	['Catching Out (2003)']
43450	[159125]	[1]	[ 5.]	"[""Anybody's Son Will Do""]"
43450	[159053]	[1]	[ 5.]	['In Her Line of Fire (2006)']
43450	[142903]	[1]	[ 5.]	['Ricochet (2011)']
43450	[151989]	[1]	[ 5.]	['The Thorn (1971)']
43450	[132124]	[1]	[ 5.]	['Say Nothing (2001)']
43450	[159133]	[3]	[ 2.83333]	['Visions of Frank (2007)']
43450	[159135]	[1]	[ 5.]	['The Viking (1931)']
43606	[182657]	[1]	[ 5.]	['Pale (2016)']
43606	[146489]	[1]	[ 5.]	['Hercules Against the Mongols (1963)']
43606	[183013]	[2]	[ 3.5]	['I Can No Longer Hear the Guitar (1991)']
43606	[129223]	[1]	[ 5.]	"[""Tarzan's Savage Fury (1952)""]"
43606	[169820]	[1]	[ 5.]	['To Be the Best (1993)']
43606	[151989]	[1]	[ 5.]	['The Thorn (1971)']
43606	[138172]	[1]	[ 5.]	['Baseline (2010)']
43606	[146487]	[1]	[ 5.]	['Maciste in Hell of Genghis Khan (1964)']
43606	[159471]	[1]	[ 5.]	"[""Evening's Civil Twilight in Empires of Tin (2008)""]"
43606	[159123]	[1]	[ 5.]	['Catching Out (2003)']
43606	[159125]	[1]	[ 5.]	"[""Anybody's Son Will Do""]"
43606	[182793]	[3]	[ 4.33333]	['The Purple Sea (2009)']
43606	[169816]	[1]	[ 5.]	['Day of the Panther (1988)']
43606	[177209]	[1]	[ 5.]	['Ac\xc4\xb1 A\xc5\x9fk (2009)']
43606	[182781]	[1]	[ 5.]	['Amori che non sanno stare al mondo (2017)']
43606	[182527]	[1]	[ 5.]	['Ciutat morta (2014)']
43606	[110108]	[1]	[ 5.]	['Asphalt Playground (La cit\xc3\xa9 rose) (2012)']
43606	[159133]	[3]	[ 2.83333]	['Visions of Frank (2007)']
43606	[147966]	[1]	[ 5.]	"[""Tarzan's Fight for Life (1958)""]"
43606	[159135]	[1]	[ 5.]	['The Viking (1931)']
43831	[182657]	[1]	[ 5.]	['Pale (2016)']
43831	[151989]	[1]	[ 5.]	['The Thorn (1971)']
43831	[182793]	[3]	[ 4.33333]	['The Purple Sea (2009)']
43831	[183013]	[2]	[ 3.5]	['I Can No Longer Hear the Guitar (1991)']
43831	[124601]	[2]	[ 3.75]	"[""I'm Losing You (1998)""]"
43831	[110108]	[1]	[ 5.]	['Asphalt Playground (La cit\xc3\xa9 rose) (2012)']
43831	[107434]	[1]	[ 5.]	['Diplomatic Immunity (2009\xe2\x80\x93 )']
43831	[]	[]	[]	[]
43831	[171821]	[1]	[ 5.]	['3-D Sex and Zen: Extreme Ecstasy (2011)']
43831	[159471]	[1]	[ 5.]	"[""Evening's Civil Twilight in Empires of Tin (2008)""]"
43831	[159123]	[1]	[ 5.]	['Catching Out (2003)']
43831	[159125]	[1]	[ 5.]	"[""Anybody's Son Will Do""]"
43831	[155529]	[1]	[ 5.]	['Make Your Own Damn Movie (2005)']
43831	[135055]	[1]	[ 5.]	['The End of a Mystery (2003)']
43831	[177209]	[1]	[ 5.]	['Ac\xc4\xb1 A\xc5\x9fk (2009)']
43831	[182781]	[1]	[ 5.]	['Amori che non sanno stare al mondo (2017)']
43831	[182527]	[1]	[ 5.]	['Ciutat morta (2014)']
43831	[138172]	[1]	[ 5.]	['Baseline (2010)']
43831	[159133]	[3]	[ 2.83333]	['Visions of Frank (2007)']
43831	[159135]	[1]	[ 5.]	['The Viking (1931)']
43853	[129223]	[1]	[ 5.]	"[""Tarzan's Savage Fury (1952)""]"
43853	[169820]	[1]	[ 5.]	['To Be the Best (1993)']
43853	[151989]	[1]	[ 5.]	['The Thorn (1971)']
43853	[122535]	[1]	[ 5.]	['White Tiger (1996)']
43853	[169818]	[1]	[ 5.]	['FB: Fighting Beat (2007)']
43853	[159471]	[1]	[ 5.]	"[""Evening's Civil Twilight in Empires of Tin (2008)""]"
43853	[160030]	[1]	[ 5.]	['Goliath and the Sins of Babylon (1963)']
43853	[159123]	[1]	[ 5.]	['Catching Out (2003)']
43853	[145620]	[1]	[ 5.]	['Samson and the Seven Miracles of the World (1961)']
43853	[159125]	[1]	[ 5.]	"[""Anybody's Son Will Do""]"
43853	[160028]	[1]	[ 5.]	['Colossus of the Arena (1962)']
43853	[146487]	[1]	[ 5.]	['Maciste in Hell of Genghis Khan (1964)']
43853	[169816]	[1]	[ 5.]	['Day of the Panther (1988)']
43853	[146489]	[1]	[ 5.]	['Hercules Against the Mongols (1963)']
43853	[133013]	[1]	[ 5.]	['Temple of the White Elephant (1964)']
43853	[138172]	[1]	[ 5.]	['Baseline (2010)']
43853	[110108]	[1]	[ 5.]	['Asphalt Playground (La cit\xc3\xa9 rose) (2012)']
43853	[159133]	[3]	[ 2.83333]	['Visions of Frank (2007)']
43853	[147966]	[1]	[ 5.]	"[""Tarzan's Fight for Life (1958)""]"
43853	[159135]	[1]	[ 5.]	['The Viking (1931)']
43966	[135232]	[1]	[ 5.]	['Jailbait Babysitter (1977)']
43966	[151989]	[1]	[ 5.]	['The Thorn (1971)']
43966	[183013]	[2]	[ 3.5]	['I Can No Longer Hear the Guitar (1991)']
43966	[110108]	[1]	[ 5.]	['Asphalt Playground (La cit\xc3\xa9 rose) (2012)']
43966	[]	[]	[]	[]
43966	[]	[]	[]	[]
43966	[171821]	[1]	[ 5.]	['3-D Sex and Zen: Extreme Ecstasy (2011)']
43966	[159471]	[1]	[ 5.]	"[""Evening's Civil Twilight in Empires of Tin (2008)""]"
43966	[155529]	[1]	[ 5.]	['Make Your Own Damn Movie (2005)']
43966	[159123]	[1]	[ 5.]	['Catching Out (2003)']
43966	[148084]	[1]	[ 5.]	['Emmanuelle in Soho (1981)']
43966	[159125]	[1]	[ 5.]	"[""Anybody's Son Will Do""]"
43966	[124601]	[2]	[ 3.75]	"[""I'm Losing You (1998)""]"
43966	[146489]	[1]	[ 5.]	['Hercules Against the Mongols (1963)']
43966	[177209]	[1]	[ 5.]	['Ac\xc4\xb1 A\xc5\x9fk (2009)']
43966	[171807]	[1]	[ 5.]	['Caedes (2015)']
43966	[138172]	[1]	[ 5.]	['Baseline (2010)']
43966	[159133]	[3]	[ 2.83333]	['Visions of Frank (2007)']
43966	[147966]	[1]	[ 5.]	"[""Tarzan's Fight for Life (1958)""]"
43966	[159135]	[1]	[ 5.]	['The Viking (1931)']
44038	[151989]	[1]	[ 5.]	['The Thorn (1971)']
44038	[183013]	[2]	[ 3.5]	['I Can No Longer Hear the Guitar (1991)']
44038	[129223]	[1]	[ 5.]	"[""Tarzan's Savage Fury (1952)""]"
44038	[169820]	[1]	[ 5.]	['To Be the Best (1993)']
44038	[138172]	[1]	[ 5.]	['Baseline (2010)']
44038	[146487]	[1]	[ 5.]	['Maciste in Hell of Genghis Khan (1964)']
44038	[]	[]	[]	[]
44038	[122535]	[1]	[ 5.]	['White Tiger (1996)']
44038	[159471]	[1]	[ 5.]	"[""Evening's Civil Twilight in Empires of Tin (2008)""]"
44038	[159123]	[1]	[ 5.]	['Catching Out (2003)']
44038	[159125]	[1]	[ 5.]	"[""Anybody's Son Will Do""]"
44038	[160028]	[1]	[ 5.]	['Colossus of the Arena (1962)']
44038	[146489]	[1]	[ 5.]	['Hercules Against the Mongols (1963)']
44038	[169816]	[1]	[ 5.]	['Day of the Panther (1988)']
44038	[177209]	[1]	[ 5.]	['Ac\xc4\xb1 A\xc5\x9fk (2009)']
44038	[133013]	[1]	[ 5.]	['Temple of the White Elephant (1964)']
44038	[110108]	[1]	[ 5.]	['Asphalt Playground (La cit\xc3\xa9 rose) (2012)']
44038	[159133]	[3]	[ 2.83333]	['Visions of Frank (2007)']
44038	[147966]	[1]	[ 5.]	"[""Tarzan's Fight for Life (1958)""]"
44038	[159135]	[1]	[ 5.]	['The Viking (1931)']
44363	[122535]	[1]	[ 5.]	['White Tiger (1996)']
44363	[183013]	[2]	[ 3.5]	['I Can No Longer Hear the Guitar (1991)']
44363	[129223]	[1]	[ 5.]	"[""Tarzan's Savage Fury (1952)""]"
44363	[169820]	[1]	[ 5.]	['To Be the Best (1993)']
44363	[151989]	[1]	[ 5.]	['The Thorn (1971)']
44363	[138172]	[1]	[ 5.]	['Baseline (2010)']
44363	[146487]	[1]	[ 5.]	['Maciste in Hell of Genghis Khan (1964)']
44363	[159471]	[1]	[ 5.]	"[""Evening's Civil Twilight in Empires of Tin (2008)""]"
44363	[160030]	[1]	[ 5.]	['Goliath and the Sins of Babylon (1963)']
44363	[159123]	[1]	[ 5.]	['Catching Out (2003)']
44363	[159125]	[1]	[ 5.]	"[""Anybody's Son Will Do""]"
44363	[160028]	[1]	[ 5.]	['Colossus of the Arena (1962)']
44363	[146489]	[1]	[ 5.]	['Hercules Against the Mongols (1963)']
44363	[169816]	[1]	[ 5.]	['Day of the Panther (1988)']
44363	[177209]	[1]	[ 5.]	['Ac\xc4\xb1 A\xc5\x9fk (2009)']
44363	[133013]	[1]	[ 5.]	['Temple of the White Elephant (1964)']
44363	[110108]	[1]	[ 5.]	['Asphalt Playground (La cit\xc3\xa9 rose) (2012)']
44363	[159133]	[3]	[ 2.83333]	['Visions of Frank (2007)']
44363	[147966]	[1]	[ 5.]	"[""Tarzan's Fight for Life (1958)""]"
44363	[159135]	[1]	[ 5.]	['The Viking (1931)']
44447	[109762]	[1]	[ 5.]	['Black Widow (Dark Beauty) (2008)']
44447	[180839]	[1]	[ 5.]	['Operation Rogue (2014)']
44447	[159048]	[1]	[ 5.]	['One Way Out (2002)']
44447	[110108]	[1]	[ 5.]	['Asphalt Playground (La cit\xc3\xa9 rose) (2012)']
44447	[159050]	[1]	[ 5.]	"[""The Pilot's Wife (2005)""]"
44447	[124903]	[1]	[ 5.]	['Styx (2001)']
44447	[137964]	[1]	[ 5.]	['Casualties (1997)']
44447	[122701]	[1]	[ 5.]	['Love, Cheat & Steal (1993)']
44447	[140014]	[1]	[ 5.]	"[""Brother's Keeper (2013)""]"
44447	[159471]	[1]	[ 5.]	"[""Evening's Civil Twilight in Empires of Tin (2008)""]"
44447	[116243]	[1]	[ 5.]	['Convicted (1931)']
44447	[171221]	[2]	[ 4.25]	['Isolation (2015)']
44447	[159123]	[1]	[ 5.]	['Catching Out (2003)']
44447	[159125]	[1]	[ 5.]	"[""Anybody's Son Will Do""]"
44447	[159053]	[1]	[ 5.]	['In Her Line of Fire (2006)']
44447	[142903]	[1]	[ 5.]	['Ricochet (2011)']
44447	[151989]	[1]	[ 5.]	['The Thorn (1971)']
44447	[132124]	[1]	[ 5.]	['Say Nothing (2001)']
44447	[159133]	[3]	[ 2.83333]	['Visions of Frank (2007)']
44447	[159135]	[1]	[ 5.]	['The Viking (1931)']
44454	[182657]	[1]	[ 5.]	['Pale (2016)']
44454	[146489]	[1]	[ 5.]	['Hercules Against the Mongols (1963)']
44454	[183013]	[2]	[ 3.5]	['I Can No Longer Hear the Guitar (1991)']
44454	[129223]	[1]	[ 5.]	"[""Tarzan's Savage Fury (1952)""]"
44454	[169820]	[1]	[ 5.]	['To Be the Best (1993)']
44454	[151989]	[1]	[ 5.]	['The Thorn (1971)']
44454	[138172]	[1]	[ 5.]	['Baseline (2010)']
44454	[146487]	[1]	[ 5.]	['Maciste in Hell of Genghis Khan (1964)']
44454	[159471]	[1]	[ 5.]	"[""Evening's Civil Twilight in Empires of Tin (2008)""]"
44454	[159123]	[1]	[ 5.]	['Catching Out (2003)']
44454	[159125]	[1]	[ 5.]	"[""Anybody's Son Will Do""]"
44454	[182793]	[3]	[ 4.33333]	['The Purple Sea (2009)']
44454	[169816]	[1]	[ 5.]	['Day of the Panther (1988)']
44454	[177209]	[1]	[ 5.]	['Ac\xc4\xb1 A\xc5\x9fk (2009)']
44454	[182781]	[1]	[ 5.]	['Amori che non sanno stare al mondo (2017)']
44454	[182527]	[1]	[ 5.]	['Ciutat morta (2014)']
44454	[110108]	[1]	[ 5.]	['Asphalt Playground (La cit\xc3\xa9 rose) (2012)']
44454	[159133]	[3]	[ 2.83333]	['Visions of Frank (2007)']
44454	[147966]	[1]	[ 5.]	"[""Tarzan's Fight for Life (1958)""]"
44454	[159135]	[1]	[ 5.]	['The Viking (1931)']
44807	[151989]	[1]	[ 5.]	['The Thorn (1971)']
44807	[183013]	[2]	[ 3.5]	['I Can No Longer Hear the Guitar (1991)']
44807	[129223]	[1]	[ 5.]	"[""Tarzan's Savage Fury (1952)""]"
44807	[169820]	[1]	[ 5.]	['To Be the Best (1993)']
44807	[138172]	[1]	[ 5.]	['Baseline (2010)']
44807	[146487]	[1]	[ 5.]	['Maciste in Hell of Genghis Khan (1964)']
44807	[122535]	[1]	[ 5.]	['White Tiger (1996)']
44807	[159471]	[1]	[ 5.]	"[""Evening's Civil Twilight in Empires of Tin (2008)""]"
44807	[160030]	[1]	[ 5.]	['Goliath and the Sins of Babylon (1963)']
44807	[159123]	[1]	[ 5.]	['Catching Out (2003)']
44807	[159125]	[1]	[ 5.]	"[""Anybody's Son Will Do""]"
44807	[160028]	[1]	[ 5.]	['Colossus of the Arena (1962)']
44807	[146489]	[1]	[ 5.]	['Hercules Against the Mongols (1963)']
44807	[169816]	[1]	[ 5.]	['Day of the Panther (1988)']
44807	[177209]	[1]	[ 5.]	['Ac\xc4\xb1 A\xc5\x9fk (2009)']
44807	[133013]	[1]	[ 5.]	['Temple of the White Elephant (1964)']
44807	[110108]	[1]	[ 5.]	['Asphalt Playground (La cit\xc3\xa9 rose) (2012)']
44807	[159133]	[3]	[ 2.83333]	['Visions of Frank (2007)']
44807	[147966]	[1]	[ 5.]	"[""Tarzan's Fight for Life (1958)""]"
44807	[159135]	[1]	[ 5.]	['The Viking (1931)']
45101	[183013]	[2]	[ 3.5]	['I Can No Longer Hear the Guitar (1991)']
45101	[129223]	[1]	[ 5.]	"[""Tarzan's Savage Fury (1952)""]"
45101	[169820]	[1]	[ 5.]	['To Be the Best (1993)']
45101	[151989]	[1]	[ 5.]	['The Thorn (1971)']
45101	[122535]	[1]	[ 5.]	['White Tiger (1996)']
45101	[169818]	[1]	[ 5.]	['FB: Fighting Beat (2007)']
45101	[159471]	[1]	[ 5.]	"[""Evening's Civil Twilight in Empires of Tin (2008)""]"
45101	[160030]	[1]	[ 5.]	['Goliath and the Sins of Babylon (1963)']
45101	[159123]	[1]	[ 5.]	['Catching Out (2003)']
45101	[145620]	[1]	[ 5.]	['Samson and the Seven Miracles of the World (1961)']
45101	[159125]	[1]	[ 5.]	"[""Anybody's Son Will Do""]"
45101	[160028]	[1]	[ 5.]	['Colossus of the Arena (1962)']
45101	[146487]	[1]	[ 5.]	['Maciste in Hell of Genghis Khan (1964)']
45101	[169816]	[1]	[ 5.]	['Day of the Panther (1988)']
45101	[146489]	[1]	[ 5.]	['Hercules Against the Mongols (1963)']
45101	[133013]	[1]	[ 5.]	['Temple of the White Elephant (1964)']
45101	[110108]	[1]	[ 5.]	['Asphalt Playground (La cit\xc3\xa9 rose) (2012)']
45101	[159133]	[3]	[ 2.83333]	['Visions of Frank (2007)']
45101	[147966]	[1]	[ 5.]	"[""Tarzan's Fight for Life (1958)""]"
45101	[159135]	[1]	[ 5.]	['The Viking (1931)']
45259	[182657]	[1]	[ 5.]	['Pale (2016)']
45259	[146489]	[1]	[ 5.]	['Hercules Against the Mongols (1963)']
45259	[183013]	[2]	[ 3.5]	['I Can No Longer Hear the Guitar (1991)']
45259	[129223]	[1]	[ 5.]	"[""Tarzan's Savage Fury (1952)""]"
45259	[169820]	[1]	[ 5.]	['To Be the Best (1993)']
45259	[151989]	[1]	[ 5.]	['The Thorn (1971)']
45259	[138172]	[1]	[ 5.]	['Baseline (2010)']
45259	[146487]	[1]	[ 5.]	['Maciste in Hell of Genghis Khan (1964)']
45259	[159471]	[1]	[ 5.]	"[""Evening's Civil Twilight in Empires of Tin (2008)""]"
45259	[159123]	[1]	[ 5.]	['Catching Out (2003)']
45259	[159125]	[1]	[ 5.]	"[""Anybody's Son Will Do""]"
45259	[182793]	[3]	[ 4.33333]	['The Purple Sea (2009)']
45259	[169816]	[1]	[ 5.]	['Day of the Panther (1988)']
45259	[177209]	[1]	[ 5.]	['Ac\xc4\xb1 A\xc5\x9fk (2009)']
45259	[182781]	[1]	[ 5.]	['Amori che non sanno stare al mondo (2017)']
45259	[182527]	[1]	[ 5.]	['Ciutat morta (2014)']
45259	[110108]	[1]	[ 5.]	['Asphalt Playground (La cit\xc3\xa9 rose) (2012)']
45259	[159133]	[3]	[ 2.83333]	['Visions of Frank (2007)']
45259	[147966]	[1]	[ 5.]	"[""Tarzan's Fight for Life (1958)""]"
45259	[159135]	[1]	[ 5.]	['The Viking (1931)']
45999	[129223]	[1]	[ 5.]	"[""Tarzan's Savage Fury (1952)""]"
45999	[169820]	[1]	[ 5.]	['To Be the Best (1993)']
45999	[151989]	[1]	[ 5.]	['The Thorn (1971)']
45999	[122535]	[1]	[ 5.]	['White Tiger (1996)']
45999	[169818]	[1]	[ 5.]	['FB: Fighting Beat (2007)']
45999	[159471]	[1]	[ 5.]	"[""Evening's Civil Twilight in Empires of Tin (2008)""]"
45999	[160030]	[1]	[ 5.]	['Goliath and the Sins of Babylon (1963)']
45999	[159123]	[1]	[ 5.]	['Catching Out (2003)']
45999	[145620]	[1]	[ 5.]	['Samson and the Seven Miracles of the World (1961)']
45999	[159125]	[1]	[ 5.]	"[""Anybody's Son Will Do""]"
45999	[160028]	[1]	[ 5.]	['Colossus of the Arena (1962)']
45999	[146487]	[1]	[ 5.]	['Maciste in Hell of Genghis Khan (1964)']
45999	[169816]	[1]	[ 5.]	['Day of the Panther (1988)']
45999	[146489]	[1]	[ 5.]	['Hercules Against the Mongols (1963)']
45999	[133013]	[1]	[ 5.]	['Temple of the White Elephant (1964)']
45999	[182527]	[1]	[ 5.]	['Ciutat morta (2014)']
45999	[110108]	[1]	[ 5.]	['Asphalt Playground (La cit\xc3\xa9 rose) (2012)']
45999	[159133]	[3]	[ 2.83333]	['Visions of Frank (2007)']
45999	[147966]	[1]	[ 5.]	"[""Tarzan's Fight for Life (1958)""]"
45999	[159135]	[1]	[ 5.]	['The Viking (1931)']
46629	[183013]	[2]	[ 3.5]	['I Can No Longer Hear the Guitar (1991)']
46629	[129223]	[1]	[ 5.]	"[""Tarzan's Savage Fury (1952)""]"
46629	[169820]	[1]	[ 5.]	['To Be the Best (1993)']
46629	[151989]	[1]	[ 5.]	['The Thorn (1971)']
46629	[122535]	[1]	[ 5.]	['White Tiger (1996)']
46629	[169818]	[1]	[ 5.]	['FB: Fighting Beat (2007)']
46629	[159471]	[1]	[ 5.]	"[""Evening's Civil Twilight in Empires of Tin (2008)""]"
46629	[160030]	[1]	[ 5.]	['Goliath and the Sins of Babylon (1963)']
46629	[159123]	[1]	[ 5.]	['Catching Out (2003)']
46629	[145620]	[1]	[ 5.]	['Samson and the Seven Miracles of the World (1961)']
46629	[159125]	[1]	[ 5.]	"[""Anybody's Son Will Do""]"
46629	[160028]	[1]	[ 5.]	['Colossus of the Arena (1962)']
46629	[146487]	[1]	[ 5.]	['Maciste in Hell of Genghis Khan (1964)']
46629	[169816]	[1]	[ 5.]	['Day of the Panther (1988)']
46629	[146489]	[1]	[ 5.]	['Hercules Against the Mongols (1963)']
46629	[133013]	[1]	[ 5.]	['Temple of the White Elephant (1964)']
46629	[110108]	[1]	[ 5.]	['Asphalt Playground (La cit\xc3\xa9 rose) (2012)']
46629	[159133]	[3]	[ 2.83333]	['Visions of Frank (2007)']
46629	[147966]	[1]	[ 5.]	"[""Tarzan's Fight for Life (1958)""]"
46629	[159135]	[1]	[ 5.]	['The Viking (1931)']
47230	[136992]	[1]	[ 5.]	"[""When He Didn't Come Home (1998)""]"
47230	[183013]	[2]	[ 3.5]	['I Can No Longer Hear the Guitar (1991)']
47230	[136998]	[1]	[ 5.]	['The Wrong Girl (2015)']
47230	[129223]	[1]	[ 5.]	"[""Tarzan's Savage Fury (1952)""]"
47230	[137064]	[1]	[ 5.]	['Twisted Desire (1996)']
47230	[169820]	[1]	[ 5.]	['To Be the Best (1993)']
47230	[122535]	[1]	[ 5.]	['White Tiger (1996)']
47230	[160030]	[1]	[ 5.]	['Goliath and the Sins of Babylon (1963)']
47230	[145620]	[1]	[ 5.]	['Samson and the Seven Miracles of the World (1961)']
47230	[133013]	[1]	[ 5.]	['Temple of the White Elephant (1964)']
47230	[160028]	[1]	[ 5.]	['Colossus of the Arena (1962)']
47230	[146487]	[1]	[ 5.]	['Maciste in Hell of Genghis Khan (1964)']
47230	[169816]	[1]	[ 5.]	['Day of the Panther (1988)']
47230	[146489]	[1]	[ 5.]	['Hercules Against the Mongols (1963)']
47230	[169818]	[1]	[ 5.]	['FB: Fighting Beat (2007)']
47230	[138172]	[1]	[ 5.]	['Baseline (2010)']
47230	[110108]	[1]	[ 5.]	['Asphalt Playground (La cit\xc3\xa9 rose) (2012)']
47230	[137050]	[1]	[ 5.]	['The Rival (2006)']
47230	[147966]	[1]	[ 5.]	"[""Tarzan's Fight for Life (1958)""]"
47230	[151989]	[1]	[ 5.]	['The Thorn (1971)']
47701	[182657]	[1]	[ 5.]	['Pale (2016)']
47701	[146489]	[1]	[ 5.]	['Hercules Against the Mongols (1963)']
47701	[183013]	[2]	[ 3.5]	['I Can No Longer Hear the Guitar (1991)']
47701	[129223]	[1]	[ 5.]	"[""Tarzan's Savage Fury (1952)""]"
47701	[169820]	[1]	[ 5.]	['To Be the Best (1993)']
47701	[151989]	[1]	[ 5.]	['The Thorn (1971)']
47701	[138172]	[1]	[ 5.]	['Baseline (2010)']
47701	[146487]	[1]	[ 5.]	['Maciste in Hell of Genghis Khan (1964)']
47701	[159471]	[1]	[ 5.]	"[""Evening's Civil Twilight in Empires of Tin (2008)""]"
47701	[159123]	[1]	[ 5.]	['Catching Out (2003)']
47701	[159125]	[1]	[ 5.]	"[""Anybody's Son Will Do""]"
47701	[182793]	[3]	[ 4.33333]	['The Purple Sea (2009)']
47701	[169816]	[1]	[ 5.]	['Day of the Panther (1988)']
47701	[177209]	[1]	[ 5.]	['Ac\xc4\xb1 A\xc5\x9fk (2009)']
47701	[182781]	[1]	[ 5.]	['Amori che non sanno stare al mondo (2017)']
47701	[182527]	[1]	[ 5.]	['Ciutat morta (2014)']
47701	[110108]	[1]	[ 5.]	['Asphalt Playground (La cit\xc3\xa9 rose) (2012)']
47701	[159133]	[3]	[ 2.83333]	['Visions of Frank (2007)']
47701	[147966]	[1]	[ 5.]	"[""Tarzan's Fight for Life (1958)""]"
47701	[159135]	[1]	[ 5.]	['The Viking (1931)']
47944	[129223]	[1]	[ 5.]	"[""Tarzan's Savage Fury (1952)""]"
47944	[169820]	[1]	[ 5.]	['To Be the Best (1993)']
47944	[151989]	[1]	[ 5.]	['The Thorn (1971)']
47944	[122535]	[1]	[ 5.]	['White Tiger (1996)']
47944	[169818]	[1]	[ 5.]	['FB: Fighting Beat (2007)']
47944	[159471]	[1]	[ 5.]	"[""Evening's Civil Twilight in Empires of Tin (2008)""]"
47944	[160030]	[1]	[ 5.]	['Goliath and the Sins of Babylon (1963)']
47944	[159123]	[1]	[ 5.]	['Catching Out (2003)']
47944	[145620]	[1]	[ 5.]	['Samson and the Seven Miracles of the World (1961)']
47944	[159125]	[1]	[ 5.]	"[""Anybody's Son Will Do""]"
47944	[160028]	[1]	[ 5.]	['Colossus of the Arena (1962)']
47944	[146487]	[1]	[ 5.]	['Maciste in Hell of Genghis Khan (1964)']
47944	[169816]	[1]	[ 5.]	['Day of the Panther (1988)']
47944	[146489]	[1]	[ 5.]	['Hercules Against the Mongols (1963)']
47944	[133013]	[1]	[ 5.]	['Temple of the White Elephant (1964)']
47944	[138172]	[1]	[ 5.]	['Baseline (2010)']
47944	[110108]	[1]	[ 5.]	['Asphalt Playground (La cit\xc3\xa9 rose) (2012)']
47944	[159133]	[3]	[ 2.83333]	['Visions of Frank (2007)']
47944	[147966]	[1]	[ 5.]	"[""Tarzan's Fight for Life (1958)""]"
47944	[159135]	[1]	[ 5.]	['The Viking (1931)']
47993	[182657]	[1]	[ 5.]	['Pale (2016)']
47993	[146489]	[1]	[ 5.]	['Hercules Against the Mongols (1963)']
47993	[183013]	[2]	[ 3.5]	['I Can No Longer Hear the Guitar (1991)']
47993	[129223]	[1]	[ 5.]	"[""Tarzan's Savage Fury (1952)""]"
47993	[151989]	[1]	[ 5.]	['The Thorn (1971)']
47993	[138172]	[1]	[ 5.]	['Baseline (2010)']
47993	[]	[]	[]	[]
47993	[146487]	[1]	[ 5.]	['Maciste in Hell of Genghis Khan (1964)']
47993	[159471]	[1]	[ 5.]	"[""Evening's Civil Twilight in Empires of Tin (2008)""]"
47993	[159123]	[1]	[ 5.]	['Catching Out (2003)']
47993	[159125]	[1]	[ 5.]	"[""Anybody's Son Will Do""]"
47993	[182793]	[3]	[ 4.33333]	['The Purple Sea (2009)']
47993	[169816]	[1]	[ 5.]	['Day of the Panther (1988)']
47993	[177209]	[1]	[ 5.]	['Ac\xc4\xb1 A\xc5\x9fk (2009)']
47993	[182781]	[1]	[ 5.]	['Amori che non sanno stare al mondo (2017)']
47993	[182527]	[1]	[ 5.]	['Ciutat morta (2014)']
47993	[110108]	[1]	[ 5.]	['Asphalt Playground (La cit\xc3\xa9 rose) (2012)']
47993	[159133]	[3]	[ 2.83333]	['Visions of Frank (2007)']
47993	[147966]	[1]	[ 5.]	"[""Tarzan's Fight for Life (1958)""]"
47993	[159135]	[1]	[ 5.]	['The Viking (1931)']
48351	[122535]	[1]	[ 5.]	['White Tiger (1996)']
48351	[183013]	[2]	[ 3.5]	['I Can No Longer Hear the Guitar (1991)']
48351	[129223]	[1]	[ 5.]	"[""Tarzan's Savage Fury (1952)""]"
48351	[169820]	[1]	[ 5.]	['To Be the Best (1993)']
48351	[151989]	[1]	[ 5.]	['The Thorn (1971)']
48351	[138172]	[1]	[ 5.]	['Baseline (2010)']
48351	[146487]	[1]	[ 5.]	['Maciste in Hell of Genghis Khan (1964)']
48351	[159471]	[1]	[ 5.]	"[""Evening's Civil Twilight in Empires of Tin (2008)""]"
48351	[160030]	[1]	[ 5.]	['Goliath and the Sins of Babylon (1963)']
48351	[159123]	[1]	[ 5.]	['Catching Out (2003)']
48351	[159125]	[1]	[ 5.]	"[""Anybody's Son Will Do""]"
48351	[160028]	[1]	[ 5.]	['Colossus of the Arena (1962)']
48351	[146489]	[1]	[ 5.]	['Hercules Against the Mongols (1963)']
48351	[169816]	[1]	[ 5.]	['Day of the Panther (1988)']
48351	[177209]	[1]	[ 5.]	['Ac\xc4\xb1 A\xc5\x9fk (2009)']
48351	[133013]	[1]	[ 5.]	['Temple of the White Elephant (1964)']
48351	[110108]	[1]	[ 5.]	['Asphalt Playground (La cit\xc3\xa9 rose) (2012)']
48351	[159133]	[3]	[ 2.83333]	['Visions of Frank (2007)']
48351	[147966]	[1]	[ 5.]	"[""Tarzan's Fight for Life (1958)""]"
48351	[159135]	[1]	[ 5.]	['The Viking (1931)']
48934	[182657]	[1]	[ 5.]	['Pale (2016)']
48934	[146489]	[1]	[ 5.]	['Hercules Against the Mongols (1963)']
48934	[183013]	[2]	[ 3.5]	['I Can No Longer Hear the Guitar (1991)']
48934	[129223]	[1]	[ 5.]	"[""Tarzan's Savage Fury (1952)""]"
48934	[169820]	[1]	[ 5.]	['To Be the Best (1993)']
48934	[151989]	[1]	[ 5.]	['The Thorn (1971)']
48934	[138172]	[1]	[ 5.]	['Baseline (2010)']
48934	[146487]	[1]	[ 5.]	['Maciste in Hell of Genghis Khan (1964)']
48934	[159471]	[1]	[ 5.]	"[""Evening's Civil Twilight in Empires of Tin (2008)""]"
48934	[159123]	[1]	[ 5.]	['Catching Out (2003)']
48934	[159125]	[1]	[ 5.]	"[""Anybody's Son Will Do""]"
48934	[182793]	[3]	[ 4.33333]	['The Purple Sea (2009)']
48934	[169816]	[1]	[ 5.]	['Day of the Panther (1988)']
48934	[177209]	[1]	[ 5.]	['Ac\xc4\xb1 A\xc5\x9fk (2009)']
48934	[182781]	[1]	[ 5.]	['Amori che non sanno stare al mondo (2017)']
48934	[182527]	[1]	[ 5.]	['Ciutat morta (2014)']
48934	[110108]	[1]	[ 5.]	['Asphalt Playground (La cit\xc3\xa9 rose) (2012)']
48934	[159133]	[3]	[ 2.83333]	['Visions of Frank (2007)']
48934	[147966]	[1]	[ 5.]	"[""Tarzan's Fight for Life (1958)""]"
48934	[159135]	[1]	[ 5.]	['The Viking (1931)']
49212	[135232]	[1]	[ 5.]	['Jailbait Babysitter (1977)']
49212	[151989]	[1]	[ 5.]	['The Thorn (1971)']
49212	[183013]	[2]	[ 3.5]	['I Can No Longer Hear the Guitar (1991)']
49212	[146487]	[1]	[ 5.]	['Maciste in Hell of Genghis Khan (1964)']
49212	[129223]	[1]	[ 5.]	"[""Tarzan's Savage Fury (1952)""]"
49212	[169820]	[1]	[ 5.]	['To Be the Best (1993)']
49212	[110108]	[1]	[ 5.]	['Asphalt Playground (La cit\xc3\xa9 rose) (2012)']
49212	[146489]	[1]	[ 5.]	['Hercules Against the Mongols (1963)']
49212	[]	[]	[]	[]
49212	[171821]	[1]	[ 5.]	['3-D Sex and Zen: Extreme Ecstasy (2011)']
49212	[159471]	[1]	[ 5.]	"[""Evening's Civil Twilight in Empires of Tin (2008)""]"
49212	[159123]	[1]	[ 5.]	['Catching Out (2003)']
49212	[159125]	[1]	[ 5.]	"[""Anybody's Son Will Do""]"
49212	[155529]	[1]	[ 5.]	['Make Your Own Damn Movie (2005)']
49212	[169816]	[1]	[ 5.]	['Day of the Panther (1988)']
49212	[177209]	[1]	[ 5.]	['Ac\xc4\xb1 A\xc5\x9fk (2009)']
49212	[138172]	[1]	[ 5.]	['Baseline (2010)']
49212	[159133]	[3]	[ 2.83333]	['Visions of Frank (2007)']
49212	[147966]	[1]	[ 5.]	"[""Tarzan's Fight for Life (1958)""]"
49212	[159135]	[1]	[ 5.]	['The Viking (1931)']
49796	[171807]	[1]	[ 5.]	['Caedes (2015)']
49796	[182657]	[1]	[ 5.]	['Pale (2016)']
49796	[151989]	[1]	[ 5.]	['The Thorn (1971)']
49796	[182793]	[3]	[ 4.33333]	['The Purple Sea (2009)']
49796	[183013]	[2]	[ 3.5]	['I Can No Longer Hear the Guitar (1991)']
49796	[110108]	[1]	[ 5.]	['Asphalt Playground (La cit\xc3\xa9 rose) (2012)']
49796	[107434]	[1]	[ 5.]	['Diplomatic Immunity (2009\xe2\x80\x93 )']
49796	[]	[]	[]	[]
49796	[171821]	[1]	[ 5.]	['3-D Sex and Zen: Extreme Ecstasy (2011)']
49796	[159471]	[1]	[ 5.]	"[""Evening's Civil Twilight in Empires of Tin (2008)""]"
49796	[159123]	[1]	[ 5.]	['Catching Out (2003)']
49796	[148084]	[1]	[ 5.]	['Emmanuelle in Soho (1981)']
49796	[159125]	[1]	[ 5.]	"[""Anybody's Son Will Do""]"
49796	[177209]	[1]	[ 5.]	['Ac\xc4\xb1 A\xc5\x9fk (2009)']
49796	[124601]	[2]	[ 3.75]	"[""I'm Losing You (1998)""]"
49796	[182781]	[1]	[ 5.]	['Amori che non sanno stare al mondo (2017)']
49796	[182527]	[1]	[ 5.]	['Ciutat morta (2014)']
49796	[138172]	[1]	[ 5.]	['Baseline (2010)']
49796	[159133]	[3]	[ 2.83333]	['Visions of Frank (2007)']
49796	[159135]	[1]	[ 5.]	['The Viking (1931)']
50330	[182657]	[1]	[ 5.]	['Pale (2016)']
50330	[146489]	[1]	[ 5.]	['Hercules Against the Mongols (1963)']
50330	[]	[]	[]	[]
50330	[135055]	[1]	[ 5.]	['The End of a Mystery (2003)']
50330	[183013]	[2]	[ 3.5]	['I Can No Longer Hear the Guitar (1991)']
50330	[124601]	[2]	[ 3.75]	"[""I'm Losing You (1998)""]"
50330	[151989]	[1]	[ 5.]	['The Thorn (1971)']
50330	[107434]	[1]	[ 5.]	['Diplomatic Immunity (2009\xe2\x80\x93 )']
50330	[138172]	[1]	[ 5.]	['Baseline (2010)']
50330	[]	[]	[]	[]
50330	[159471]	[1]	[ 5.]	"[""Evening's Civil Twilight in Empires of Tin (2008)""]"
50330	[159123]	[1]	[ 5.]	['Catching Out (2003)']
50330	[159125]	[1]	[ 5.]	"[""Anybody's Son Will Do""]"
50330	[182793]	[3]	[ 4.33333]	['The Purple Sea (2009)']
50330	[177209]	[1]	[ 5.]	['Ac\xc4\xb1 A\xc5\x9fk (2009)']
50330	[182781]	[1]	[ 5.]	['Amori che non sanno stare al mondo (2017)']
50330	[182527]	[1]	[ 5.]	['Ciutat morta (2014)']
50330	[110108]	[1]	[ 5.]	['Asphalt Playground (La cit\xc3\xa9 rose) (2012)']
50330	[159133]	[3]	[ 2.83333]	['Visions of Frank (2007)']
50330	[159135]	[1]	[ 5.]	['The Viking (1931)']
51444	[183013]	[2]	[ 3.5]	['I Can No Longer Hear the Guitar (1991)']
51444	[129223]	[1]	[ 5.]	"[""Tarzan's Savage Fury (1952)""]"
51444	[169820]	[1]	[ 5.]	['To Be the Best (1993)']
51444	[151989]	[1]	[ 5.]	['The Thorn (1971)']
51444	[122535]	[1]	[ 5.]	['White Tiger (1996)']
51444	[169818]	[1]	[ 5.]	['FB: Fighting Beat (2007)']
51444	[159471]	[1]	[ 5.]	"[""Evening's Civil Twilight in Empires of Tin (2008)""]"
51444	[160030]	[1]	[ 5.]	['Goliath and the Sins of Babylon (1963)']
51444	[159123]	[1]	[ 5.]	['Catching Out (2003)']
51444	[145620]	[1]	[ 5.]	['Samson and the Seven Miracles of the World (1961)']
51444	[159125]	[1]	[ 5.]	"[""Anybody's Son Will Do""]"
51444	[160028]	[1]	[ 5.]	['Colossus of the Arena (1962)']
51444	[146487]	[1]	[ 5.]	['Maciste in Hell of Genghis Khan (1964)']
51444	[169816]	[1]	[ 5.]	['Day of the Panther (1988)']
51444	[146489]	[1]	[ 5.]	['Hercules Against the Mongols (1963)']
51444	[133013]	[1]	[ 5.]	['Temple of the White Elephant (1964)']
51444	[110108]	[1]	[ 5.]	['Asphalt Playground (La cit\xc3\xa9 rose) (2012)']
51444	[159133]	[3]	[ 2.83333]	['Visions of Frank (2007)']
51444	[147966]	[1]	[ 5.]	"[""Tarzan's Fight for Life (1958)""]"
51444	[159135]	[1]	[ 5.]	['The Viking (1931)']
51875	[109762]	[1]	[ 5.]	['Black Widow (Dark Beauty) (2008)']
51875	[180839]	[1]	[ 5.]	['Operation Rogue (2014)']
51875	[159048]	[1]	[ 5.]	['One Way Out (2002)']
51875	[110108]	[1]	[ 5.]	['Asphalt Playground (La cit\xc3\xa9 rose) (2012)']
51875	[159050]	[1]	[ 5.]	"[""The Pilot's Wife (2005)""]"
51875	[124903]	[1]	[ 5.]	['Styx (2001)']
51875	[137964]	[1]	[ 5.]	['Casualties (1997)']
51875	[122701]	[1]	[ 5.]	['Love, Cheat & Steal (1993)']
51875	[140014]	[1]	[ 5.]	"[""Brother's Keeper (2013)""]"
51875	[159471]	[1]	[ 5.]	"[""Evening's Civil Twilight in Empires of Tin (2008)""]"
51875	[116243]	[1]	[ 5.]	['Convicted (1931)']
51875	[171221]	[2]	[ 4.25]	['Isolation (2015)']
51875	[159123]	[1]	[ 5.]	['Catching Out (2003)']
51875	[159125]	[1]	[ 5.]	"[""Anybody's Son Will Do""]"
51875	[159053]	[1]	[ 5.]	['In Her Line of Fire (2006)']
51875	[142903]	[1]	[ 5.]	['Ricochet (2011)']
51875	[151989]	[1]	[ 5.]	['The Thorn (1971)']
51875	[132124]	[1]	[ 5.]	['Say Nothing (2001)']
51875	[159133]	[3]	[ 2.83333]	['Visions of Frank (2007)']
51875	[159135]	[1]	[ 5.]	['The Viking (1931)']
51890	[109762]	[1]	[ 5.]	['Black Widow (Dark Beauty) (2008)']
51890	[180839]	[1]	[ 5.]	['Operation Rogue (2014)']
51890	[159048]	[1]	[ 5.]	['One Way Out (2002)']
51890	[110108]	[1]	[ 5.]	['Asphalt Playground (La cit\xc3\xa9 rose) (2012)']
51890	[159050]	[1]	[ 5.]	"[""The Pilot's Wife (2005)""]"
51890	[124903]	[1]	[ 5.]	['Styx (2001)']
51890	[137964]	[1]	[ 5.]	['Casualties (1997)']
51890	[122701]	[1]	[ 5.]	['Love, Cheat & Steal (1993)']
51890	[140014]	[1]	[ 5.]	"[""Brother's Keeper (2013)""]"
51890	[159471]	[1]	[ 5.]	"[""Evening's Civil Twilight in Empires of Tin (2008)""]"
51890	[116243]	[1]	[ 5.]	['Convicted (1931)']
51890	[171221]	[2]	[ 4.25]	['Isolation (2015)']
51890	[159123]	[1]	[ 5.]	['Catching Out (2003)']
51890	[159125]	[1]	[ 5.]	"[""Anybody's Son Will Do""]"
51890	[159053]	[1]	[ 5.]	['In Her Line of Fire (2006)']
51890	[142903]	[1]	[ 5.]	['Ricochet (2011)']
51890	[151989]	[1]	[ 5.]	['The Thorn (1971)']
51890	[132124]	[1]	[ 5.]	['Say Nothing (2001)']
51890	[159133]	[3]	[ 2.83333]	['Visions of Frank (2007)']
51890	[159135]	[1]	[ 5.]	['The Viking (1931)']
51939	[109762]	[1]	[ 5.]	['Black Widow (Dark Beauty) (2008)']
51939	[124903]	[1]	[ 5.]	['Styx (2001)']
51939	[122701]	[1]	[ 5.]	['Love, Cheat & Steal (1993)']
51939	[180839]	[1]	[ 5.]	['Operation Rogue (2014)']
51939	[159048]	[1]	[ 5.]	['One Way Out (2002)']
51939	[151989]	[1]	[ 5.]	['The Thorn (1971)']
51939	[159050]	[1]	[ 5.]	"[""The Pilot's Wife (2005)""]"
51939	[138172]	[1]	[ 5.]	['Baseline (2010)']
51939	[137964]	[1]	[ 5.]	['Casualties (1997)']
51939	[132124]	[1]	[ 5.]	['Say Nothing (2001)']
51939	[140014]	[1]	[ 5.]	"[""Brother's Keeper (2013)""]"
51939	[159471]	[1]	[ 5.]	"[""Evening's Civil Twilight in Empires of Tin (2008)""]"
51939	[116243]	[1]	[ 5.]	['Convicted (1931)']
51939	[171221]	[2]	[ 4.25]	['Isolation (2015)']
51939	[159123]	[1]	[ 5.]	['Catching Out (2003)']
51939	[159125]	[1]	[ 5.]	"[""Anybody's Son Will Do""]"
51939	[142903]	[1]	[ 5.]	['Ricochet (2011)']
51939	[110108]	[1]	[ 5.]	['Asphalt Playground (La cit\xc3\xa9 rose) (2012)']
51939	[159133]	[3]	[ 2.83333]	['Visions of Frank (2007)']
51939	[159135]	[1]	[ 5.]	['The Viking (1931)']
51966	[182657]	[1]	[ 5.]	['Pale (2016)']
51966	[109762]	[1]	[ 5.]	['Black Widow (Dark Beauty) (2008)']
51966	[180839]	[1]	[ 5.]	['Operation Rogue (2014)']
51966	[159048]	[1]	[ 5.]	['One Way Out (2002)']
51966	[151989]	[1]	[ 5.]	['The Thorn (1971)']
51966	[138172]	[1]	[ 5.]	['Baseline (2010)']
51966	[132124]	[1]	[ 5.]	['Say Nothing (2001)']
51966	[140014]	[1]	[ 5.]	"[""Brother's Keeper (2013)""]"
51966	[159471]	[1]	[ 5.]	"[""Evening's Civil Twilight in Empires of Tin (2008)""]"
51966	[116243]	[1]	[ 5.]	['Convicted (1931)']
51966	[159123]	[1]	[ 5.]	['Catching Out (2003)']
51966	[159125]	[1]	[ 5.]	"[""Anybody's Son Will Do""]"
51966	[182793]	[3]	[ 4.33333]	['The Purple Sea (2009)']
51966	[142903]	[1]	[ 5.]	['Ricochet (2011)']
51966	[177209]	[1]	[ 5.]	['Ac\xc4\xb1 A\xc5\x9fk (2009)']
51966	[182781]	[1]	[ 5.]	['Amori che non sanno stare al mondo (2017)']
51966	[182527]	[1]	[ 5.]	['Ciutat morta (2014)']
51966	[110108]	[1]	[ 5.]	['Asphalt Playground (La cit\xc3\xa9 rose) (2012)']
51966	[159133]	[3]	[ 2.83333]	['Visions of Frank (2007)']
51966	[159135]	[1]	[ 5.]	['The Viking (1931)']
51982	[129223]	[1]	[ 5.]	"[""Tarzan's Savage Fury (1952)""]"
51982	[169820]	[1]	[ 5.]	['To Be the Best (1993)']
51982	[151989]	[1]	[ 5.]	['The Thorn (1971)']
51982	[122535]	[1]	[ 5.]	['White Tiger (1996)']
51982	[169818]	[1]	[ 5.]	['FB: Fighting Beat (2007)']
51982	[159471]	[1]	[ 5.]	"[""Evening's Civil Twilight in Empires of Tin (2008)""]"
51982	[160030]	[1]	[ 5.]	['Goliath and the Sins of Babylon (1963)']
51982	[159123]	[1]	[ 5.]	['Catching Out (2003)']
51982	[145620]	[1]	[ 5.]	['Samson and the Seven Miracles of the World (1961)']
51982	[159125]	[1]	[ 5.]	"[""Anybody's Son Will Do""]"
51982	[160028]	[1]	[ 5.]	['Colossus of the Arena (1962)']
51982	[146487]	[1]	[ 5.]	['Maciste in Hell of Genghis Khan (1964)']
51982	[169816]	[1]	[ 5.]	['Day of the Panther (1988)']
51982	[146489]	[1]	[ 5.]	['Hercules Against the Mongols (1963)']
51982	[133013]	[1]	[ 5.]	['Temple of the White Elephant (1964)']
51982	[138172]	[1]	[ 5.]	['Baseline (2010)']
51982	[110108]	[1]	[ 5.]	['Asphalt Playground (La cit\xc3\xa9 rose) (2012)']
51982	[159133]	[3]	[ 2.83333]	['Visions of Frank (2007)']
51982	[147966]	[1]	[ 5.]	"[""Tarzan's Fight for Life (1958)""]"
51982	[159135]	[1]	[ 5.]	['The Viking (1931)']
52146	[182657]	[1]	[ 5.]	['Pale (2016)']
52146	[146489]	[1]	[ 5.]	['Hercules Against the Mongols (1963)']
52146	[133013]	[1]	[ 5.]	['Temple of the White Elephant (1964)']
52146	[129223]	[1]	[ 5.]	"[""Tarzan's Savage Fury (1952)""]"
52146	[169820]	[1]	[ 5.]	['To Be the Best (1993)']
52146	[151989]	[1]	[ 5.]	['The Thorn (1971)']
52146	[159467]	[3]	[ 3.66667]	['Fifi Howls from Happiness (2013)']
52146	[146487]	[1]	[ 5.]	['Maciste in Hell of Genghis Khan (1964)']
52146	[159471]	[1]	[ 5.]	"[""Evening's Civil Twilight in Empires of Tin (2008)""]"
52146	[159123]	[1]	[ 5.]	['Catching Out (2003)']
52146	[159125]	[1]	[ 5.]	"[""Anybody's Son Will Do""]"
52146	[182793]	[3]	[ 4.33333]	['The Purple Sea (2009)']
52146	[169816]	[1]	[ 5.]	['Day of the Panther (1988)']
52146	[177209]	[1]	[ 5.]	['Ac\xc4\xb1 A\xc5\x9fk (2009)']
52146	[182781]	[1]	[ 5.]	['Amori che non sanno stare al mondo (2017)']
52146	[182527]	[1]	[ 5.]	['Ciutat morta (2014)']
52146	[110108]	[1]	[ 5.]	['Asphalt Playground (La cit\xc3\xa9 rose) (2012)']
52146	[159133]	[3]	[ 2.83333]	['Visions of Frank (2007)']
52146	[147966]	[1]	[ 5.]	"[""Tarzan's Fight for Life (1958)""]"
52146	[159135]	[1]	[ 5.]	['The Viking (1931)']
53023	[171221]	[2]	[ 4.25]	['Isolation (2015)']
53023	[109762]	[1]	[ 5.]	['Black Widow (Dark Beauty) (2008)']
53023	[180839]	[1]	[ 5.]	['Operation Rogue (2014)']
53023	[159048]	[1]	[ 5.]	['One Way Out (2002)']
53023	[132124]	[1]	[ 5.]	['Say Nothing (2001)']
53023	[159050]	[1]	[ 5.]	"[""The Pilot's Wife (2005)""]"
53023	[124903]	[1]	[ 5.]	['Styx (2001)']
53023	[137964]	[1]	[ 5.]	['Casualties (1997)']
53023	[122701]	[1]	[ 5.]	['Love, Cheat & Steal (1993)']
53023	[140014]	[1]	[ 5.]	"[""Brother's Keeper (2013)""]"
53023	[159471]	[1]	[ 5.]	"[""Evening's Civil Twilight in Empires of Tin (2008)""]"
53023	[116243]	[1]	[ 5.]	['Convicted (1931)']
53023	[151989]	[1]	[ 5.]	['The Thorn (1971)']
53023	[159123]	[1]	[ 5.]	['Catching Out (2003)']
53023	[159125]	[1]	[ 5.]	"[""Anybody's Son Will Do""]"
53023	[159053]	[1]	[ 5.]	['In Her Line of Fire (2006)']
53023	[142903]	[1]	[ 5.]	['Ricochet (2011)']
53023	[110108]	[1]	[ 5.]	['Asphalt Playground (La cit\xc3\xa9 rose) (2012)']
53023	[159133]	[3]	[ 2.83333]	['Visions of Frank (2007)']
53023	[159135]	[1]	[ 5.]	['The Viking (1931)']
53834	[129223]	[1]	[ 5.]	"[""Tarzan's Savage Fury (1952)""]"
53834	[169820]	[1]	[ 5.]	['To Be the Best (1993)']
53834	[151989]	[1]	[ 5.]	['The Thorn (1971)']
53834	[138172]	[1]	[ 5.]	['Baseline (2010)']
53834	[169818]	[1]	[ 5.]	['FB: Fighting Beat (2007)']
53834	[122535]	[1]	[ 5.]	['White Tiger (1996)']
53834	[159471]	[1]	[ 5.]	"[""Evening's Civil Twilight in Empires of Tin (2008)""]"
53834	[160030]	[1]	[ 5.]	['Goliath and the Sins of Babylon (1963)']
53834	[159123]	[1]	[ 5.]	['Catching Out (2003)']
53834	[145620]	[1]	[ 5.]	['Samson and the Seven Miracles of the World (1961)']
53834	[159125]	[1]	[ 5.]	"[""Anybody's Son Will Do""]"
53834	[160028]	[1]	[ 5.]	['Colossus of the Arena (1962)']
53834	[146487]	[1]	[ 5.]	['Maciste in Hell of Genghis Khan (1964)']
53834	[169816]	[1]	[ 5.]	['Day of the Panther (1988)']
53834	[146489]	[1]	[ 5.]	['Hercules Against the Mongols (1963)']
53834	[133013]	[1]	[ 5.]	['Temple of the White Elephant (1964)']
53834	[110108]	[1]	[ 5.]	['Asphalt Playground (La cit\xc3\xa9 rose) (2012)']
53834	[159133]	[3]	[ 2.83333]	['Visions of Frank (2007)']
53834	[147966]	[1]	[ 5.]	"[""Tarzan's Fight for Life (1958)""]"
53834	[159135]	[1]	[ 5.]	['The Viking (1931)']
54018	[182657]	[1]	[ 5.]	['Pale (2016)']
54018	[151989]	[1]	[ 5.]	['The Thorn (1971)']
54018	[182793]	[3]	[ 4.33333]	['The Purple Sea (2009)']
54018	[183013]	[2]	[ 3.5]	['I Can No Longer Hear the Guitar (1991)']
54018	[138172]	[1]	[ 5.]	['Baseline (2010)']
54018	[]	[]	[]	[]
54018	[]	[]	[]	[]
54018	[171821]	[1]	[ 5.]	['3-D Sex and Zen: Extreme Ecstasy (2011)']
54018	[159471]	[1]	[ 5.]	"[""Evening's Civil Twilight in Empires of Tin (2008)""]"
54018	[155529]	[1]	[ 5.]	['Make Your Own Damn Movie (2005)']
54018	[159123]	[1]	[ 5.]	['Catching Out (2003)']
54018	[159125]	[1]	[ 5.]	"[""Anybody's Son Will Do""]"
54018	[177209]	[1]	[ 5.]	['Ac\xc4\xb1 A\xc5\x9fk (2009)']
54018	[]	[]	[]	[]
54018	[124601]	[2]	[ 3.75]	"[""I'm Losing You (1998)""]"
54018	[182781]	[1]	[ 5.]	['Amori che non sanno stare al mondo (2017)']
54018	[182527]	[1]	[ 5.]	['Ciutat morta (2014)']
54018	[110108]	[1]	[ 5.]	['Asphalt Playground (La cit\xc3\xa9 rose) (2012)']
54018	[159133]	[3]	[ 2.83333]	['Visions of Frank (2007)']
54018	[159135]	[1]	[ 5.]	['The Viking (1931)']
54441	[129223]	[1]	[ 5.]	"[""Tarzan's Savage Fury (1952)""]"
54441	[169820]	[1]	[ 5.]	['To Be the Best (1993)']
54441	[151989]	[1]	[ 5.]	['The Thorn (1971)']
54441	[122535]	[1]	[ 5.]	['White Tiger (1996)']
54441	[169818]	[1]	[ 5.]	['FB: Fighting Beat (2007)']
54441	[159471]	[1]	[ 5.]	"[""Evening's Civil Twilight in Empires of Tin (2008)""]"
54441	[160030]	[1]	[ 5.]	['Goliath and the Sins of Babylon (1963)']
54441	[159123]	[1]	[ 5.]	['Catching Out (2003)']
54441	[145620]	[1]	[ 5.]	['Samson and the Seven Miracles of the World (1961)']
54441	[159125]	[1]	[ 5.]	"[""Anybody's Son Will Do""]"
54441	[160028]	[1]	[ 5.]	['Colossus of the Arena (1962)']
54441	[146487]	[1]	[ 5.]	['Maciste in Hell of Genghis Khan (1964)']
54441	[169816]	[1]	[ 5.]	['Day of the Panther (1988)']
54441	[146489]	[1]	[ 5.]	['Hercules Against the Mongols (1963)']
54441	[133013]	[1]	[ 5.]	['Temple of the White Elephant (1964)']
54441	[182527]	[1]	[ 5.]	['Ciutat morta (2014)']
54441	[110108]	[1]	[ 5.]	['Asphalt Playground (La cit\xc3\xa9 rose) (2012)']
54441	[159133]	[3]	[ 2.83333]	['Visions of Frank (2007)']
54441	[147966]	[1]	[ 5.]	"[""Tarzan's Fight for Life (1958)""]"
54441	[159135]	[1]	[ 5.]	['The Viking (1931)']
54449	[151989]	[1]	[ 5.]	['The Thorn (1971)']
54449	[183013]	[2]	[ 3.5]	['I Can No Longer Hear the Guitar (1991)']
54449	[129223]	[1]	[ 5.]	"[""Tarzan's Savage Fury (1952)""]"
54449	[169820]	[1]	[ 5.]	['To Be the Best (1993)']
54449	[110108]	[1]	[ 5.]	['Asphalt Playground (La cit\xc3\xa9 rose) (2012)']
54449	[146487]	[1]	[ 5.]	['Maciste in Hell of Genghis Khan (1964)']
54449	[122535]	[1]	[ 5.]	['White Tiger (1996)']
54449	[159471]	[1]	[ 5.]	"[""Evening's Civil Twilight in Empires of Tin (2008)""]"
54449	[159123]	[1]	[ 5.]	['Catching Out (2003)']
54449	[159125]	[1]	[ 5.]	"[""Anybody's Son Will Do""]"
54449	[160028]	[1]	[ 5.]	['Colossus of the Arena (1962)']
54449	[146489]	[1]	[ 5.]	['Hercules Against the Mongols (1963)']
54449	[169816]	[1]	[ 5.]	['Day of the Panther (1988)']
54449	[177209]	[1]	[ 5.]	['Ac\xc4\xb1 A\xc5\x9fk (2009)']
54449	[133013]	[1]	[ 5.]	['Temple of the White Elephant (1964)']
54449	[182527]	[1]	[ 5.]	['Ciutat morta (2014)']
54449	[138172]	[1]	[ 5.]	['Baseline (2010)']
54449	[159133]	[3]	[ 2.83333]	['Visions of Frank (2007)']
54449	[147966]	[1]	[ 5.]	"[""Tarzan's Fight for Life (1958)""]"
54449	[159135]	[1]	[ 5.]	['The Viking (1931)']
54466	[122535]	[1]	[ 5.]	['White Tiger (1996)']
54466	[129223]	[1]	[ 5.]	"[""Tarzan's Savage Fury (1952)""]"
54466	[169820]	[1]	[ 5.]	['To Be the Best (1993)']
54466	[151989]	[1]	[ 5.]	['The Thorn (1971)']
54466	[138172]	[1]	[ 5.]	['Baseline (2010)']
54466	[169818]	[1]	[ 5.]	['FB: Fighting Beat (2007)']
54466	[146487]	[1]	[ 5.]	['Maciste in Hell of Genghis Khan (1964)']
54466	[159471]	[1]	[ 5.]	"[""Evening's Civil Twilight in Empires of Tin (2008)""]"
54466	[160030]	[1]	[ 5.]	['Goliath and the Sins of Babylon (1963)']
54466	[159123]	[1]	[ 5.]	['Catching Out (2003)']
54466	[159125]	[1]	[ 5.]	"[""Anybody's Son Will Do""]"
54466	[160028]	[1]	[ 5.]	['Colossus of the Arena (1962)']
54466	[177209]	[1]	[ 5.]	['Ac\xc4\xb1 A\xc5\x9fk (2009)']
54466	[169816]	[1]	[ 5.]	['Day of the Panther (1988)']
54466	[146489]	[1]	[ 5.]	['Hercules Against the Mongols (1963)']
54466	[133013]	[1]	[ 5.]	['Temple of the White Elephant (1964)']
54466	[110108]	[1]	[ 5.]	['Asphalt Playground (La cit\xc3\xa9 rose) (2012)']
54466	[159133]	[3]	[ 2.83333]	['Visions of Frank (2007)']
54466	[147966]	[1]	[ 5.]	"[""Tarzan's Fight for Life (1958)""]"
54466	[159135]	[1]	[ 5.]	['The Viking (1931)']
55448	[182657]	[1]	[ 5.]	['Pale (2016)']
55448	[146489]	[1]	[ 5.]	['Hercules Against the Mongols (1963)']
55448	[]	[]	[]	[]
55448	[135055]	[1]	[ 5.]	['The End of a Mystery (2003)']
55448	[183013]	[2]	[ 3.5]	['I Can No Longer Hear the Guitar (1991)']
55448	[151989]	[1]	[ 5.]	['The Thorn (1971)']
55448	[138172]	[1]	[ 5.]	['Baseline (2010)']
55448	[]	[]	[]	[]
55448	[159471]	[1]	[ 5.]	"[""Evening's Civil Twilight in Empires of Tin (2008)""]"
55448	[159123]	[1]	[ 5.]	['Catching Out (2003)']
55448	[159125]	[1]	[ 5.]	"[""Anybody's Son Will Do""]"
55448	[182793]	[3]	[ 4.33333]	['The Purple Sea (2009)']
55448	[169816]	[1]	[ 5.]	['Day of the Panther (1988)']
55448	[177209]	[1]	[ 5.]	['Ac\xc4\xb1 A\xc5\x9fk (2009)']
55448	[182781]	[1]	[ 5.]	['Amori che non sanno stare al mondo (2017)']
55448	[182527]	[1]	[ 5.]	['Ciutat morta (2014)']
55448	[110108]	[1]	[ 5.]	['Asphalt Playground (La cit\xc3\xa9 rose) (2012)']
55448	[159133]	[3]	[ 2.83333]	['Visions of Frank (2007)']
55448	[147966]	[1]	[ 5.]	"[""Tarzan's Fight for Life (1958)""]"
55448	[159135]	[1]	[ 5.]	['The Viking (1931)']
55701	[182657]	[1]	[ 5.]	['Pale (2016)']
55701	[146489]	[1]	[ 5.]	['Hercules Against the Mongols (1963)']
55701	[183013]	[2]	[ 3.5]	['I Can No Longer Hear the Guitar (1991)']
55701	[129223]	[1]	[ 5.]	"[""Tarzan's Savage Fury (1952)""]"
55701	[169820]	[1]	[ 5.]	['To Be the Best (1993)']
55701	[151989]	[1]	[ 5.]	['The Thorn (1971)']
55701	[138172]	[1]	[ 5.]	['Baseline (2010)']
55701	[146487]	[1]	[ 5.]	['Maciste in Hell of Genghis Khan (1964)']
55701	[159471]	[1]	[ 5.]	"[""Evening's Civil Twilight in Empires of Tin (2008)""]"
55701	[159123]	[1]	[ 5.]	['Catching Out (2003)']
55701	[159125]	[1]	[ 5.]	"[""Anybody's Son Will Do""]"
55701	[182793]	[3]	[ 4.33333]	['The Purple Sea (2009)']
55701	[169816]	[1]	[ 5.]	['Day of the Panther (1988)']
55701	[177209]	[1]	[ 5.]	['Ac\xc4\xb1 A\xc5\x9fk (2009)']
55701	[182781]	[1]	[ 5.]	['Amori che non sanno stare al mondo (2017)']
55701	[182527]	[1]	[ 5.]	['Ciutat morta (2014)']
55701	[110108]	[1]	[ 5.]	['Asphalt Playground (La cit\xc3\xa9 rose) (2012)']
55701	[159133]	[3]	[ 2.83333]	['Visions of Frank (2007)']
55701	[147966]	[1]	[ 5.]	"[""Tarzan's Fight for Life (1958)""]"
55701	[159135]	[1]	[ 5.]	['The Viking (1931)']
55768	[182657]	[1]	[ 5.]	['Pale (2016)']
55768	[146489]	[1]	[ 5.]	['Hercules Against the Mongols (1963)']
55768	[183013]	[2]	[ 3.5]	['I Can No Longer Hear the Guitar (1991)']
55768	[129223]	[1]	[ 5.]	"[""Tarzan's Savage Fury (1952)""]"
55768	[151989]	[1]	[ 5.]	['The Thorn (1971)']
55768	[107434]	[1]	[ 5.]	['Diplomatic Immunity (2009\xe2\x80\x93 )']
55768	[138172]	[1]	[ 5.]	['Baseline (2010)']
55768	[]	[]	[]	[]
55768	[159471]	[1]	[ 5.]	"[""Evening's Civil Twilight in Empires of Tin (2008)""]"
55768	[159123]	[1]	[ 5.]	['Catching Out (2003)']
55768	[159125]	[1]	[ 5.]	"[""Anybody's Son Will Do""]"
55768	[182793]	[3]	[ 4.33333]	['The Purple Sea (2009)']
55768	[169816]	[1]	[ 5.]	['Day of the Panther (1988)']
55768	[177209]	[1]	[ 5.]	['Ac\xc4\xb1 A\xc5\x9fk (2009)']
55768	[182781]	[1]	[ 5.]	['Amori che non sanno stare al mondo (2017)']
55768	[182527]	[1]	[ 5.]	['Ciutat morta (2014)']
55768	[110108]	[1]	[ 5.]	['Asphalt Playground (La cit\xc3\xa9 rose) (2012)']
55768	[159133]	[3]	[ 2.83333]	['Visions of Frank (2007)']
55768	[147966]	[1]	[ 5.]	"[""Tarzan's Fight for Life (1958)""]"
55768	[159135]	[1]	[ 5.]	['The Viking (1931)']
55951	[182657]	[1]	[ 5.]	['Pale (2016)']
55951	[146489]	[1]	[ 5.]	['Hercules Against the Mongols (1963)']
55951	[183013]	[2]	[ 3.5]	['I Can No Longer Hear the Guitar (1991)']
55951	[129223]	[1]	[ 5.]	"[""Tarzan's Savage Fury (1952)""]"
55951	[]	[]	[]	[]
55951	[151989]	[1]	[ 5.]	['The Thorn (1971)']
55951	[138172]	[1]	[ 5.]	['Baseline (2010)']
55951	[146487]	[1]	[ 5.]	['Maciste in Hell of Genghis Khan (1964)']
55951	[159471]	[1]	[ 5.]	"[""Evening's Civil Twilight in Empires of Tin (2008)""]"
55951	[159123]	[1]	[ 5.]	['Catching Out (2003)']
55951	[159125]	[1]	[ 5.]	"[""Anybody's Son Will Do""]"
55951	[182793]	[3]	[ 4.33333]	['The Purple Sea (2009)']
55951	[169816]	[1]	[ 5.]	['Day of the Panther (1988)']
55951	[177209]	[1]	[ 5.]	['Ac\xc4\xb1 A\xc5\x9fk (2009)']
55951	[182781]	[1]	[ 5.]	['Amori che non sanno stare al mondo (2017)']
55951	[182527]	[1]	[ 5.]	['Ciutat morta (2014)']
55951	[110108]	[1]	[ 5.]	['Asphalt Playground (La cit\xc3\xa9 rose) (2012)']
55951	[159133]	[3]	[ 2.83333]	['Visions of Frank (2007)']
55951	[147966]	[1]	[ 5.]	"[""Tarzan's Fight for Life (1958)""]"
55951	[159135]	[1]	[ 5.]	['The Viking (1931)']
56103	[109762]	[1]	[ 5.]	['Black Widow (Dark Beauty) (2008)']
56103	[180839]	[1]	[ 5.]	['Operation Rogue (2014)']
56103	[159048]	[1]	[ 5.]	['One Way Out (2002)']
56103	[138172]	[1]	[ 5.]	['Baseline (2010)']
56103	[159050]	[1]	[ 5.]	"[""The Pilot's Wife (2005)""]"
56103	[124903]	[1]	[ 5.]	['Styx (2001)']
56103	[137964]	[1]	[ 5.]	['Casualties (1997)']
56103	[122701]	[1]	[ 5.]	['Love, Cheat & Steal (1993)']
56103	[140014]	[1]	[ 5.]	"[""Brother's Keeper (2013)""]"
56103	[159471]	[1]	[ 5.]	"[""Evening's Civil Twilight in Empires of Tin (2008)""]"
56103	[116243]	[1]	[ 5.]	['Convicted (1931)']
56103	[171221]	[2]	[ 4.25]	['Isolation (2015)']
56103	[159123]	[1]	[ 5.]	['Catching Out (2003)']
56103	[159125]	[1]	[ 5.]	"[""Anybody's Son Will Do""]"
56103	[159053]	[1]	[ 5.]	['In Her Line of Fire (2006)']
56103	[142903]	[1]	[ 5.]	['Ricochet (2011)']
56103	[132124]	[1]	[ 5.]	['Say Nothing (2001)']
56103	[159133]	[3]	[ 2.83333]	['Visions of Frank (2007)']
56103	[110108]	[1]	[ 5.]	['Asphalt Playground (La cit\xc3\xa9 rose) (2012)']
56103	[159135]	[1]	[ 5.]	['The Viking (1931)']
56116	[151989]	[1]	[ 5.]	['The Thorn (1971)']
56116	[129223]	[1]	[ 5.]	"[""Tarzan's Savage Fury (1952)""]"
56116	[169820]	[1]	[ 5.]	['To Be the Best (1993)']
56116	[159467]	[3]	[ 3.66667]	['Fifi Howls from Happiness (2013)']
56116	[169818]	[1]	[ 5.]	['FB: Fighting Beat (2007)']
56116	[122535]	[1]	[ 5.]	['White Tiger (1996)']
56116	[159471]	[1]	[ 5.]	"[""Evening's Civil Twilight in Empires of Tin (2008)""]"
56116	[160030]	[1]	[ 5.]	['Goliath and the Sins of Babylon (1963)']
56116	[159123]	[1]	[ 5.]	['Catching Out (2003)']
56116	[145620]	[1]	[ 5.]	['Samson and the Seven Miracles of the World (1961)']
56116	[159125]	[1]	[ 5.]	"[""Anybody's Son Will Do""]"
56116	[160028]	[1]	[ 5.]	['Colossus of the Arena (1962)']
56116	[146487]	[1]	[ 5.]	['Maciste in Hell of Genghis Khan (1964)']
56116	[169816]	[1]	[ 5.]	['Day of the Panther (1988)']
56116	[146489]	[1]	[ 5.]	['Hercules Against the Mongols (1963)']
56116	[133013]	[1]	[ 5.]	['Temple of the White Elephant (1964)']
56116	[110108]	[1]	[ 5.]	['Asphalt Playground (La cit\xc3\xa9 rose) (2012)']
56116	[159133]	[3]	[ 2.83333]	['Visions of Frank (2007)']
56116	[147966]	[1]	[ 5.]	"[""Tarzan's Fight for Life (1958)""]"
56116	[159135]	[1]	[ 5.]	['The Viking (1931)']
56291	[109762]	[1]	[ 5.]	['Black Widow (Dark Beauty) (2008)']
56291	[180839]	[1]	[ 5.]	['Operation Rogue (2014)']
56291	[159048]	[1]	[ 5.]	['One Way Out (2002)']
56291	[132124]	[1]	[ 5.]	['Say Nothing (2001)']
56291	[159050]	[1]	[ 5.]	"[""The Pilot's Wife (2005)""]"
56291	[124903]	[1]	[ 5.]	['Styx (2001)']
56291	[137964]	[1]	[ 5.]	['Casualties (1997)']
56291	[122701]	[1]	[ 5.]	['Love, Cheat & Steal (1993)']
56291	[140014]	[1]	[ 5.]	"[""Brother's Keeper (2013)""]"
56291	[159471]	[1]	[ 5.]	"[""Evening's Civil Twilight in Empires of Tin (2008)""]"
56291	[116243]	[1]	[ 5.]	['Convicted (1931)']
56291	[171221]	[2]	[ 4.25]	['Isolation (2015)']
56291	[159123]	[1]	[ 5.]	['Catching Out (2003)']
56291	[159125]	[1]	[ 5.]	"[""Anybody's Son Will Do""]"
56291	[159053]	[1]	[ 5.]	['In Her Line of Fire (2006)']
56291	[142903]	[1]	[ 5.]	['Ricochet (2011)']
56291	[151989]	[1]	[ 5.]	['The Thorn (1971)']
56291	[110108]	[1]	[ 5.]	['Asphalt Playground (La cit\xc3\xa9 rose) (2012)']
56291	[159133]	[3]	[ 2.83333]	['Visions of Frank (2007)']
56291	[159135]	[1]	[ 5.]	['The Viking (1931)']
56427	[182657]	[1]	[ 5.]	['Pale (2016)']
56427	[151989]	[1]	[ 5.]	['The Thorn (1971)']
56427	[182793]	[3]	[ 4.33333]	['The Purple Sea (2009)']
56427	[183013]	[2]	[ 3.5]	['I Can No Longer Hear the Guitar (1991)']
56427	[138172]	[1]	[ 5.]	['Baseline (2010)']
56427	[107434]	[1]	[ 5.]	['Diplomatic Immunity (2009\xe2\x80\x93 )']
56427	[]	[]	[]	[]
56427	[]	[]	[]	[]
56427	[171821]	[1]	[ 5.]	['3-D Sex and Zen: Extreme Ecstasy (2011)']
56427	[159471]	[1]	[ 5.]	"[""Evening's Civil Twilight in Empires of Tin (2008)""]"
56427	[159123]	[1]	[ 5.]	['Catching Out (2003)']
56427	[159125]	[1]	[ 5.]	"[""Anybody's Son Will Do""]"
56427	[155529]	[1]	[ 5.]	['Make Your Own Damn Movie (2005)']
56427	[177209]	[1]	[ 5.]	['Ac\xc4\xb1 A\xc5\x9fk (2009)']
56427	[182781]	[1]	[ 5.]	['Amori che non sanno stare al mondo (2017)']
56427	[171807]	[1]	[ 5.]	['Caedes (2015)']
56427	[110108]	[1]	[ 5.]	['Asphalt Playground (La cit\xc3\xa9 rose) (2012)']
56427	[159133]	[3]	[ 2.83333]	['Visions of Frank (2007)']
56427	[182527]	[1]	[ 5.]	['Ciutat morta (2014)']
56427	[159135]	[1]	[ 5.]	['The Viking (1931)']
56478	[182657]	[1]	[ 5.]	['Pale (2016)']
56478	[151989]	[1]	[ 5.]	['The Thorn (1971)']
56478	[183013]	[2]	[ 3.5]	['I Can No Longer Hear the Guitar (1991)']
56478	[138172]	[1]	[ 5.]	['Baseline (2010)']
56478	[]	[]	[]	[]
56478	[]	[]	[]	[]
56478	[171821]	[1]	[ 5.]	['3-D Sex and Zen: Extreme Ecstasy (2011)']
56478	[159471]	[1]	[ 5.]	"[""Evening's Civil Twilight in Empires of Tin (2008)""]"
56478	[169816]	[1]	[ 5.]	['Day of the Panther (1988)']
56478	[159123]	[1]	[ 5.]	['Catching Out (2003)']
56478	[159125]	[1]	[ 5.]	"[""Anybody's Son Will Do""]"
56478	[182793]	[3]	[ 4.33333]	['The Purple Sea (2009)']
56478	[146489]	[1]	[ 5.]	['Hercules Against the Mongols (1963)']
56478	[177209]	[1]	[ 5.]	['Ac\xc4\xb1 A\xc5\x9fk (2009)']
56478	[182781]	[1]	[ 5.]	['Amori che non sanno stare al mondo (2017)']
56478	[182527]	[1]	[ 5.]	['Ciutat morta (2014)']
56478	[110108]	[1]	[ 5.]	['Asphalt Playground (La cit\xc3\xa9 rose) (2012)']
56478	[159133]	[3]	[ 2.83333]	['Visions of Frank (2007)']
56478	[147966]	[1]	[ 5.]	"[""Tarzan's Fight for Life (1958)""]"
56478	[159135]	[1]	[ 5.]	['The Viking (1931)']
