Recommendation details for test users’ full profile using 30 features				
userId	movieId	popularity	avgRating	title
42273	[182657]	[1]	[ 5.]	['Pale (2016)']
42273	[151989]	[1]	[ 5.]	['The Thorn (1971)']
42273	[136996]	[1]	[ 5.]	['The Wrong Girl (1999)']
42273	[137020]	[1]	[ 5.]	"[""A Sister's Secret (2009)""]"
42273	[137064]	[1]	[ 5.]	['Twisted Desire (1996)']
42273	[138172]	[1]	[ 5.]	['Baseline (2010)']
42273	[159467]	[3]	[ 3.66667]	['Fifi Howls from Happiness (2013)']
42273	[137006]	[1]	[ 5.]	['Poison (2000)']
42273	[159471]	[1]	[ 5.]	"[""Evening's Civil Twilight in Empires of Tin (2008)""]"
42273	[137032]	[1]	[ 5.]	['The Perfect Neighbor (2005)']
42273	[159123]	[1]	[ 5.]	['Catching Out (2003)']
42273	[159125]	[1]	[ 5.]	"[""Anybody's Son Will Do""]"
42273	[182793]	[3]	[ 4.33333]	['The Purple Sea (2009)']
42273	[177209]	[1]	[ 5.]	['Ac\xc4\xb1 A\xc5\x9fk (2009)']
42273	[182781]	[1]	[ 5.]	['Amori che non sanno stare al mondo (2017)']
42273	[110108]	[1]	[ 5.]	['Asphalt Playground (La cit\xc3\xa9 rose) (2012)']
42273	[159133]	[3]	[ 2.83333]	['Visions of Frank (2007)']
42273	[182527]	[1]	[ 5.]	['Ciutat morta (2014)']
42273	[159135]	[1]	[ 5.]	['The Viking (1931)']
42577	[136992]	[1]	[ 5.]	"[""When He Didn't Come Home (1998)""]"
42577	[182657]	[1]	[ 5.]	['Pale (2016)']
42577	[136996]	[1]	[ 5.]	['The Wrong Girl (1999)']
42577	[136998]	[1]	[ 5.]	['The Wrong Girl (2015)']
42577	[137020]	[1]	[ 5.]	"[""A Sister's Secret (2009)""]"
42577	[137064]	[1]	[ 5.]	['Twisted Desire (1996)']
42577	[182793]	[3]	[ 4.33333]	['The Purple Sea (2009)']
42577	[107434]	[1]	[ 5.]	['Diplomatic Immunity (2009\xe2\x80\x93 )']
42577	[137006]	[1]	[ 5.]	['Poison (2000)']
42577	[137048]	[1]	[ 5.]	['Perfect Child (2007)']
42577	[137032]	[1]	[ 5.]	['The Perfect Neighbor (2005)']
42577	[151989]	[1]	[ 5.]	['The Thorn (1971)']
42577	[137016]	[1]	[ 5.]	"[""A Daughter's Nightmare (2014)""]"
42577	[137038]	[1]	[ 5.]	['The Perfect Wife (2001)']
42577	[110108]	[1]	[ 5.]	['Asphalt Playground (La cit\xc3\xa9 rose) (2012)']
42577	[182781]	[1]	[ 5.]	['Amori che non sanno stare al mondo (2017)']
42577	[138172]	[1]	[ 5.]	['Baseline (2010)']
42577	[182527]	[1]	[ 5.]	['Ciutat morta (2014)']
42779	[151989]	[1]	[ 5.]	['The Thorn (1971)']
42779	[136996]	[1]	[ 5.]	['The Wrong Girl (1999)']
42779	[183013]	[2]	[ 3.5]	['I Can No Longer Hear the Guitar (1991)']
42779	[136998]	[1]	[ 5.]	['The Wrong Girl (2015)']
42779	[137020]	[1]	[ 5.]	"[""A Sister's Secret (2009)""]"
42779	[137064]	[1]	[ 5.]	['Twisted Desire (1996)']
42779	[138172]	[1]	[ 5.]	['Baseline (2010)']
42779	[159467]	[3]	[ 3.66667]	['Fifi Howls from Happiness (2013)']
42779	[137006]	[1]	[ 5.]	['Poison (2000)']
42779	[159471]	[1]	[ 5.]	"[""Evening's Civil Twilight in Empires of Tin (2008)""]"
42779	[137048]	[1]	[ 5.]	['Perfect Child (2007)']
42779	[137032]	[1]	[ 5.]	['The Perfect Neighbor (2005)']
42779	[159123]	[1]	[ 5.]	['Catching Out (2003)']
42779	[159125]	[1]	[ 5.]	"[""Anybody's Son Will Do""]"
42779	[137016]	[1]	[ 5.]	"[""A Daughter's Nightmare (2014)""]"
42779	[137038]	[1]	[ 5.]	['The Perfect Wife (2001)']
42779	[110108]	[1]	[ 5.]	['Asphalt Playground (La cit\xc3\xa9 rose) (2012)']
42779	[159133]	[3]	[ 2.83333]	['Visions of Frank (2007)']
42779	[159135]	[1]	[ 5.]	['The Viking (1931)']
43130	[136992]	[1]	[ 5.]	"[""When He Didn't Come Home (1998)""]"
43130	[136996]	[1]	[ 5.]	['The Wrong Girl (1999)']
43130	[183013]	[2]	[ 3.5]	['I Can No Longer Hear the Guitar (1991)']
43130	[136998]	[1]	[ 5.]	['The Wrong Girl (2015)']
43130	[137020]	[1]	[ 5.]	"[""A Sister's Secret (2009)""]"
43130	[137064]	[1]	[ 5.]	['Twisted Desire (1996)']
43130	[151989]	[1]	[ 5.]	['The Thorn (1971)']
43130	[159467]	[3]	[ 3.66667]	['Fifi Howls from Happiness (2013)']
43130	[137006]	[1]	[ 5.]	['Poison (2000)']
43130	[159471]	[1]	[ 5.]	"[""Evening's Civil Twilight in Empires of Tin (2008)""]"
43130	[137048]	[1]	[ 5.]	['Perfect Child (2007)']
43130	[137032]	[1]	[ 5.]	['The Perfect Neighbor (2005)']
43130	[159123]	[1]	[ 5.]	['Catching Out (2003)']
43130	[159125]	[1]	[ 5.]	"[""Anybody's Son Will Do""]"
43130	[137016]	[1]	[ 5.]	"[""A Daughter's Nightmare (2014)""]"
43130	[177209]	[1]	[ 5.]	['Ac\xc4\xb1 A\xc5\x9fk (2009)']
43130	[137038]	[1]	[ 5.]	['The Perfect Wife (2001)']
43130	[138172]	[1]	[ 5.]	['Baseline (2010)']
43130	[159133]	[3]	[ 2.83333]	['Visions of Frank (2007)']
43130	[159135]	[1]	[ 5.]	['The Viking (1931)']
43256	[182657]	[1]	[ 5.]	['Pale (2016)']
43256	[151989]	[1]	[ 5.]	['The Thorn (1971)']
43256	[135055]	[1]	[ 5.]	['The End of a Mystery (2003)']
43256	[183013]	[2]	[ 3.5]	['I Can No Longer Hear the Guitar (1991)']
43256	[177921]	[1]	[ 5.]	['Gesuzza, La Sposa Garibaldina (1934)']
43256	[138172]	[1]	[ 5.]	['Baseline (2010)']
43256	[159467]	[3]	[ 3.66667]	['Fifi Howls from Happiness (2013)']
43256	[159471]	[1]	[ 5.]	"[""Evening's Civil Twilight in Empires of Tin (2008)""]"
43256	[178057]	[1]	[ 5.]	['A Boring Story (1983)']
43256	[159123]	[1]	[ 5.]	['Catching Out (2003)']
43256	[159125]	[1]	[ 5.]	"[""Anybody's Son Will Do""]"
43256	[182793]	[3]	[ 4.33333]	['The Purple Sea (2009)']
43256	[177209]	[1]	[ 5.]	['Ac\xc4\xb1 A\xc5\x9fk (2009)']
43256	[179065]	[3]	[ 4.]	['Scarred Hearts (2016)']
43256	[182781]	[1]	[ 5.]	['Amori che non sanno stare al mondo (2017)']
43256	[110108]	[1]	[ 5.]	['Asphalt Playground (La cit\xc3\xa9 rose) (2012)']
43256	[159133]	[3]	[ 2.83333]	['Visions of Frank (2007)']
43256	[182527]	[1]	[ 5.]	['Ciutat morta (2014)']
43256	[159135]	[1]	[ 5.]	['The Viking (1931)']
43450	[109762]	[1]	[ 5.]	['Black Widow (Dark Beauty) (2008)']
43450	[124903]	[1]	[ 5.]	['Styx (2001)']
43450	[180839]	[2]	[ 2.75]	['Operation Rogue (2014)']
43450	[159048]	[1]	[ 5.]	['One Way Out (2002)']
43450	[159050]	[1]	[ 5.]	"[""The Pilot's Wife (2005)""]"
43450	[159467]	[3]	[ 3.66667]	['Fifi Howls from Happiness (2013)']
43450	[137964]	[1]	[ 5.]	['Casualties (1997)']
43450	[122701]	[1]	[ 5.]	['Love, Cheat & Steal (1993)']
43450	[140014]	[1]	[ 5.]	"[""Brother's Keeper (2013)""]"
43450	[159471]	[1]	[ 5.]	"[""Evening's Civil Twilight in Empires of Tin (2008)""]"
43450	[116243]	[1]	[ 5.]	['Convicted (1931)']
43450	[171221]	[2]	[ 4.25]	['Isolation (2015)']
43450	[159123]	[1]	[ 5.]	['Catching Out (2003)']
43450	[159125]	[1]	[ 5.]	"[""Anybody's Son Will Do""]"
43450	[142903]	[1]	[ 5.]	['Ricochet (2011)']
43450	[2427]	[10156]	[ 3.42842]	['Thin Red Line, The (1998)']
43450	[924]	[31291]	[ 3.97386]	['2001: A Space Odyssey (1968)']
43450	[159133]	[3]	[ 2.83333]	['Visions of Frank (2007)']
43450	[670]	[829]	[ 4.11701]	['World of Apu, The (Apur Sansar) (1959)']
43450	[159135]	[1]	[ 5.]	['The Viking (1931)']
43606	[136992]	[1]	[ 5.]	"[""When He Didn't Come Home (1998)""]"
43606	[136996]	[1]	[ 5.]	['The Wrong Girl (1999)']
43606	[183013]	[2]	[ 3.5]	['I Can No Longer Hear the Guitar (1991)']
43606	[136998]	[1]	[ 5.]	['The Wrong Girl (2015)']
43606	[137020]	[1]	[ 5.]	"[""A Sister's Secret (2009)""]"
43606	[137064]	[1]	[ 5.]	['Twisted Desire (1996)']
43606	[151989]	[1]	[ 5.]	['The Thorn (1971)']
43606	[159467]	[3]	[ 3.66667]	['Fifi Howls from Happiness (2013)']
43606	[137006]	[1]	[ 5.]	['Poison (2000)']
43606	[159471]	[1]	[ 5.]	"[""Evening's Civil Twilight in Empires of Tin (2008)""]"
43606	[137048]	[1]	[ 5.]	['Perfect Child (2007)']
43606	[137032]	[1]	[ 5.]	['The Perfect Neighbor (2005)']
43606	[159123]	[1]	[ 5.]	['Catching Out (2003)']
43606	[159125]	[1]	[ 5.]	"[""Anybody's Son Will Do""]"
43606	[137016]	[1]	[ 5.]	"[""A Daughter's Nightmare (2014)""]"
43606	[137038]	[1]	[ 5.]	['The Perfect Wife (2001)']
43606	[138172]	[1]	[ 5.]	['Baseline (2010)']
43606	[159133]	[3]	[ 2.83333]	['Visions of Frank (2007)']
43606	[159135]	[1]	[ 5.]	['The Viking (1931)']
43831	[182657]	[1]	[ 5.]	['Pale (2016)']
43831	[143833]	[1]	[ 5.]	['The Thursday (1964)']
43831	[183013]	[2]	[ 3.5]	['I Can No Longer Hear the Guitar (1991)']
43831	[183057]	[1]	[ 5.]	['Goldstein (1965)']
43831	[178881]	[1]	[ 5.]	['The Visitor (1964)']
43831	[182793]	[3]	[ 4.33333]	['The Purple Sea (2009)']
43831	[179019]	[2]	[ 4.5]	['Mercy (2012)']
43831	[135310]	[1]	[ 5.]	['The Unfaithfuls (1953)']
43831	[178415]	[1]	[ 5.]	['The Ra Expeditions (1972)']
43831	[178057]	[1]	[ 5.]	['A Boring Story (1983)']
43831	[178417]	[1]	[ 5.]	['A Lustful Man (1961)']
43831	[151989]	[1]	[ 5.]	['The Thorn (1971)']
43831	[183913]	[6]	[ 4.25]	['The Firm (1989)']
43831	[179065]	[3]	[ 4.]	['Scarred Hearts (2016)']
43831	[177921]	[1]	[ 5.]	['Gesuzza, La Sposa Garibaldina (1934)']
43831	[177903]	[1]	[ 5.]	['Near Death (1989)']
43831	[138172]	[1]	[ 5.]	['Baseline (2010)']
43831	[182781]	[1]	[ 5.]	['Amori che non sanno stare al mondo (2017)']
43831	[182527]	[1]	[ 5.]	['Ciutat morta (2014)']
43853	[182657]	[1]	[ 5.]	['Pale (2016)']
43853	[183013]	[2]	[ 3.5]	['I Can No Longer Hear the Guitar (1991)']
43853	[137020]	[1]	[ 5.]	"[""A Sister's Secret (2009)""]"
43853	[159125]	[1]	[ 5.]	"[""Anybody's Son Will Do""]"
43853	[110108]	[1]	[ 5.]	['Asphalt Playground (La cit\xc3\xa9 rose) (2012)']
43853	[107434]	[1]	[ 5.]	['Diplomatic Immunity (2009\xe2\x80\x93 )']
43853	[159467]	[3]	[ 3.66667]	['Fifi Howls from Happiness (2013)']
43853	[137006]	[1]	[ 5.]	['Poison (2000)']
43853	[159133]	[3]	[ 2.83333]	['Visions of Frank (2007)']
43853	[137064]	[1]	[ 5.]	['Twisted Desire (1996)']
43853	[159123]	[1]	[ 5.]	['Catching Out (2003)']
43853	[159135]	[1]	[ 5.]	['The Viking (1931)']
43853	[151989]	[1]	[ 5.]	['The Thorn (1971)']
43853	[182793]	[3]	[ 4.33333]	['The Purple Sea (2009)']
43853	[177209]	[1]	[ 5.]	['Ac\xc4\xb1 A\xc5\x9fk (2009)']
43853	[159471]	[1]	[ 5.]	"[""Evening's Civil Twilight in Empires of Tin (2008)""]"
43853	[138172]	[1]	[ 5.]	['Baseline (2010)']
43853	[182781]	[1]	[ 5.]	['Amori che non sanno stare al mondo (2017)']
43853	[182527]	[1]	[ 5.]	['Ciutat morta (2014)']
43966	[5952]	[56326]	[ 4.07519]	['Lord of the Rings: The Two Towers, The (2002)']
43966	[4993]	[61476]	[ 4.09843]	['Lord of the Rings: The Fellowship of the Ring, The (2001)']
43966	[179723]	[1]	[ 5.]	['Rapunzel (2009)']
43966	[260]	[81442]	[ 4.12178]	['Star Wars: Episode IV - A New Hope (1977)']
43966	[179559]	[1]	[ 5.]	['The Memory Book (2014)']
43966	[182657]	[1]	[ 5.]	['Pale (2016)']
43966	[182793]	[3]	[ 4.33333]	['The Purple Sea (2009)']
43966	[179627]	[1]	[ 5.]	['Die kluge Bauerntochter (2009)']
43966	[1196]	[65498]	[ 4.13449]	['Star Wars: Episode V - The Empire Strikes Back (1980)']
43966	[139630]	[1]	[ 5.]	['Autumn Tale (2000)']
43966	[182781]	[1]	[ 5.]	['Amori che non sanno stare al mondo (2017)']
43966	[7153]	[56939]	[ 4.10403]	['Lord of the Rings: The Return of the King, The (2003)']
43966	[179535]	[1]	[ 5.]	['12 Dogs of Christmas: Great Puppy Rescue (2012)']
43966	[117656]	[1]	[ 5.]	['Drunken Master 3 (1994)']
43966	[1210]	[65773]	[ 3.98668]	['Star Wars: Episode VI - Return of the Jedi (1983)']
43966	[166223]	[1]	[ 5.]	['Von einem, der auszog, das F\xc3\xbcrchten zu lernen (2014)']
43966	[110108]	[1]	[ 5.]	['Asphalt Playground (La cit\xc3\xa9 rose) (2012)']
43966	[88125]	[13086]	[ 3.91032]	['Harry Potter and the Deathly Hallows: Part 2 (2011)']
43966	[182527]	[1]	[ 5.]	['Ciutat morta (2014)']
44038	[136992]	[1]	[ 5.]	"[""When He Didn't Come Home (1998)""]"
44038	[182657]	[1]	[ 5.]	['Pale (2016)']
44038	[136996]	[1]	[ 5.]	['The Wrong Girl (1999)']
44038	[136998]	[1]	[ 5.]	['The Wrong Girl (2015)']
44038	[137020]	[1]	[ 5.]	"[""A Sister's Secret (2009)""]"
44038	[137064]	[1]	[ 5.]	['Twisted Desire (1996)']
44038	[182793]	[3]	[ 4.33333]	['The Purple Sea (2009)']
44038	[137052]	[1]	[ 5.]	['A Job to Kill For (2006)']
44038	[137006]	[1]	[ 5.]	['Poison (2000)']
44038	[137048]	[1]	[ 5.]	['Perfect Child (2007)']
44038	[137032]	[1]	[ 5.]	['The Perfect Neighbor (2005)']
44038	[151989]	[1]	[ 5.]	['The Thorn (1971)']
44038	[137046]	[1]	[ 5.]	['The Perfect Assistant (2008)']
44038	[137016]	[1]	[ 5.]	"[""A Daughter's Nightmare (2014)""]"
44038	[177209]	[1]	[ 5.]	['Ac\xc4\xb1 A\xc5\x9fk (2009)']
44038	[137038]	[1]	[ 5.]	['The Perfect Wife (2001)']
44038	[110108]	[1]	[ 5.]	['Asphalt Playground (La cit\xc3\xa9 rose) (2012)']
44038	[182781]	[1]	[ 5.]	['Amori che non sanno stare al mondo (2017)']
44038	[182527]	[1]	[ 5.]	['Ciutat morta (2014)']
44363	[136992]	[1]	[ 5.]	"[""When He Didn't Come Home (1998)""]"
44363	[137024]	[1]	[ 5.]	['The Perfect Nanny (2000)']
44363	[136996]	[1]	[ 5.]	['The Wrong Girl (1999)']
44363	[137078]	[1]	[ 5.]	['Stranger in My House (1999)']
44363	[136998]	[1]	[ 5.]	['The Wrong Girl (2015)']
44363	[137064]	[1]	[ 5.]	['Twisted Desire (1996)']
44363	[138172]	[1]	[ 5.]	['Baseline (2010)']
44363	[137052]	[1]	[ 5.]	['A Job to Kill For (2006)']
44363	[137006]	[1]	[ 5.]	['Poison (2000)']
44363	[137048]	[1]	[ 5.]	['Perfect Child (2007)']
44363	[137032]	[1]	[ 5.]	['The Perfect Neighbor (2005)']
44363	[151989]	[1]	[ 5.]	['The Thorn (1971)']
44363	[137046]	[1]	[ 5.]	['The Perfect Assistant (2008)']
44363	[137016]	[1]	[ 5.]	"[""A Daughter's Nightmare (2014)""]"
44363	[136988]	[1]	[ 5.]	['The Good Mistress (2014)']
44363	[137038]	[1]	[ 5.]	['The Perfect Wife (2001)']
44363	[137020]	[1]	[ 5.]	"[""A Sister's Secret (2009)""]"
44363	[137022]	[1]	[ 5.]	"[""A Nanny's Revenge (2012)""]"
44447	[109762]	[1]	[ 5.]	['Black Widow (Dark Beauty) (2008)']
44447	[124903]	[1]	[ 5.]	['Styx (2001)']
44447	[180839]	[2]	[ 2.75]	['Operation Rogue (2014)']
44447	[159048]	[1]	[ 5.]	['One Way Out (2002)']
44447	[138172]	[1]	[ 5.]	['Baseline (2010)']
44447	[159050]	[1]	[ 5.]	"[""The Pilot's Wife (2005)""]"
44447	[159467]	[3]	[ 3.66667]	['Fifi Howls from Happiness (2013)']
44447	[137964]	[1]	[ 5.]	['Casualties (1997)']
44447	[122701]	[1]	[ 5.]	['Love, Cheat & Steal (1993)']
44447	[140014]	[1]	[ 5.]	"[""Brother's Keeper (2013)""]"
44447	[159471]	[1]	[ 5.]	"[""Evening's Civil Twilight in Empires of Tin (2008)""]"
44447	[116243]	[1]	[ 5.]	['Convicted (1931)']
44447	[171221]	[2]	[ 4.25]	['Isolation (2015)']
44447	[159123]	[1]	[ 5.]	['Catching Out (2003)']
44447	[159125]	[1]	[ 5.]	"[""Anybody's Son Will Do""]"
44447	[159053]	[1]	[ 5.]	['In Her Line of Fire (2006)']
44447	[142903]	[1]	[ 5.]	['Ricochet (2011)']
44447	[132124]	[1]	[ 5.]	['Say Nothing (2001)']
44447	[159133]	[3]	[ 2.83333]	['Visions of Frank (2007)']
44447	[159135]	[1]	[ 5.]	['The Viking (1931)']
44454	[177903]	[1]	[ 5.]	['Near Death (1989)']
44454	[155713]	[1]	[ 5.]	['Boys Will Be Boys (1935)']
44454	[179019]	[2]	[ 4.5]	['Mercy (2012)']
44454	[183013]	[2]	[ 3.5]	['I Can No Longer Hear the Guitar (1991)']
44454	[177921]	[1]	[ 5.]	['Gesuzza, La Sposa Garibaldina (1934)']
44454	[151989]	[1]	[ 5.]	['The Thorn (1971)']
44454	[107434]	[1]	[ 5.]	['Diplomatic Immunity (2009\xe2\x80\x93 )']
44454	[159467]	[3]	[ 3.66667]	['Fifi Howls from Happiness (2013)']
44454	[159471]	[1]	[ 5.]	"[""Evening's Civil Twilight in Empires of Tin (2008)""]"
44454	[178057]	[1]	[ 5.]	['A Boring Story (1983)']
44454	[159123]	[1]	[ 5.]	['Catching Out (2003)']
44454	[159125]	[1]	[ 5.]	"[""Anybody's Son Will Do""]"
44454	[179065]	[3]	[ 4.]	['Scarred Hearts (2016)']
44454	[177209]	[1]	[ 5.]	['Ac\xc4\xb1 A\xc5\x9fk (2009)']
44454	[178415]	[1]	[ 5.]	['The Ra Expeditions (1972)']
44454	[138172]	[1]	[ 5.]	['Baseline (2010)']
44454	[159133]	[3]	[ 2.83333]	['Visions of Frank (2007)']
44454	[110108]	[1]	[ 5.]	['Asphalt Playground (La cit\xc3\xa9 rose) (2012)']
44454	[159135]	[1]	[ 5.]	['The Viking (1931)']
44807	[136992]	[1]	[ 5.]	"[""When He Didn't Come Home (1998)""]"
44807	[136996]	[1]	[ 5.]	['The Wrong Girl (1999)']
44807	[136998]	[1]	[ 5.]	['The Wrong Girl (2015)']
44807	[137064]	[1]	[ 5.]	['Twisted Desire (1996)']
44807	[137020]	[1]	[ 5.]	"[""A Sister's Secret (2009)""]"
44807	[159467]	[3]	[ 3.66667]	['Fifi Howls from Happiness (2013)']
44807	[137006]	[1]	[ 5.]	['Poison (2000)']
44807	[159471]	[1]	[ 5.]	"[""Evening's Civil Twilight in Empires of Tin (2008)""]"
44807	[137048]	[1]	[ 5.]	['Perfect Child (2007)']
44807	[137032]	[1]	[ 5.]	['The Perfect Neighbor (2005)']
44807	[159123]	[1]	[ 5.]	['Catching Out (2003)']
44807	[159125]	[1]	[ 5.]	"[""Anybody's Son Will Do""]"
44807	[137046]	[1]	[ 5.]	['The Perfect Assistant (2008)']
44807	[137016]	[1]	[ 5.]	"[""A Daughter's Nightmare (2014)""]"
44807	[137052]	[1]	[ 5.]	['A Job to Kill For (2006)']
44807	[137038]	[1]	[ 5.]	['The Perfect Wife (2001)']
44807	[110108]	[1]	[ 5.]	['Asphalt Playground (La cit\xc3\xa9 rose) (2012)']
44807	[159133]	[3]	[ 2.83333]	['Visions of Frank (2007)']
44807	[159135]	[1]	[ 5.]	['The Viking (1931)']
45101	[136992]	[1]	[ 5.]	"[""When He Didn't Come Home (1998)""]"
45101	[182657]	[1]	[ 5.]	['Pale (2016)']
45101	[136996]	[1]	[ 5.]	['The Wrong Girl (1999)']
45101	[136998]	[1]	[ 5.]	['The Wrong Girl (2015)']
45101	[137020]	[1]	[ 5.]	"[""A Sister's Secret (2009)""]"
45101	[137064]	[1]	[ 5.]	['Twisted Desire (1996)']
45101	[182793]	[3]	[ 4.33333]	['The Purple Sea (2009)']
45101	[137006]	[1]	[ 5.]	['Poison (2000)']
45101	[137048]	[1]	[ 5.]	['Perfect Child (2007)']
45101	[137032]	[1]	[ 5.]	['The Perfect Neighbor (2005)']
45101	[151989]	[1]	[ 5.]	['The Thorn (1971)']
45101	[137016]	[1]	[ 5.]	"[""A Daughter's Nightmare (2014)""]"
45101	[177209]	[1]	[ 5.]	['Ac\xc4\xb1 A\xc5\x9fk (2009)']
45101	[137038]	[1]	[ 5.]	['The Perfect Wife (2001)']
45101	[110108]	[1]	[ 5.]	['Asphalt Playground (La cit\xc3\xa9 rose) (2012)']
45101	[182781]	[1]	[ 5.]	['Amori che non sanno stare al mondo (2017)']
45101	[182527]	[1]	[ 5.]	['Ciutat morta (2014)']
45259	[136996]	[1]	[ 5.]	['The Wrong Girl (1999)']
45259	[183013]	[2]	[ 3.5]	['I Can No Longer Hear the Guitar (1991)']
45259	[136998]	[1]	[ 5.]	['The Wrong Girl (2015)']
45259	[137020]	[1]	[ 5.]	"[""A Sister's Secret (2009)""]"
45259	[137064]	[1]	[ 5.]	['Twisted Desire (1996)']
45259	[151989]	[1]	[ 5.]	['The Thorn (1971)']
45259	[159467]	[3]	[ 3.66667]	['Fifi Howls from Happiness (2013)']
45259	[137006]	[1]	[ 5.]	['Poison (2000)']
45259	[159471]	[1]	[ 5.]	"[""Evening's Civil Twilight in Empires of Tin (2008)""]"
45259	[137048]	[1]	[ 5.]	['Perfect Child (2007)']
45259	[137032]	[1]	[ 5.]	['The Perfect Neighbor (2005)']
45259	[159123]	[1]	[ 5.]	['Catching Out (2003)']
45259	[159125]	[1]	[ 5.]	"[""Anybody's Son Will Do""]"
45259	[137016]	[1]	[ 5.]	"[""A Daughter's Nightmare (2014)""]"
45259	[177209]	[1]	[ 5.]	['Ac\xc4\xb1 A\xc5\x9fk (2009)']
45259	[137038]	[1]	[ 5.]	['The Perfect Wife (2001)']
45259	[138172]	[1]	[ 5.]	['Baseline (2010)']
45259	[159133]	[3]	[ 2.83333]	['Visions of Frank (2007)']
45259	[110108]	[1]	[ 5.]	['Asphalt Playground (La cit\xc3\xa9 rose) (2012)']
45259	[159135]	[1]	[ 5.]	['The Viking (1931)']
45999	[136996]	[1]	[ 5.]	['The Wrong Girl (1999)']
45999	[183013]	[2]	[ 3.5]	['I Can No Longer Hear the Guitar (1991)']
45999	[136998]	[1]	[ 5.]	['The Wrong Girl (2015)']
45999	[137020]	[1]	[ 5.]	"[""A Sister's Secret (2009)""]"
45999	[137064]	[1]	[ 5.]	['Twisted Desire (1996)']
45999	[151989]	[1]	[ 5.]	['The Thorn (1971)']
45999	[159467]	[3]	[ 3.66667]	['Fifi Howls from Happiness (2013)']
45999	[137006]	[1]	[ 5.]	['Poison (2000)']
45999	[159471]	[1]	[ 5.]	"[""Evening's Civil Twilight in Empires of Tin (2008)""]"
45999	[137048]	[1]	[ 5.]	['Perfect Child (2007)']
45999	[137032]	[1]	[ 5.]	['The Perfect Neighbor (2005)']
45999	[159123]	[1]	[ 5.]	['Catching Out (2003)']
45999	[159125]	[1]	[ 5.]	"[""Anybody's Son Will Do""]"
45999	[137016]	[1]	[ 5.]	"[""A Daughter's Nightmare (2014)""]"
45999	[137038]	[1]	[ 5.]	['The Perfect Wife (2001)']
45999	[138172]	[1]	[ 5.]	['Baseline (2010)']
45999	[159133]	[3]	[ 2.83333]	['Visions of Frank (2007)']
45999	[110108]	[1]	[ 5.]	['Asphalt Playground (La cit\xc3\xa9 rose) (2012)']
45999	[159135]	[1]	[ 5.]	['The Viking (1931)']
46629	[182657]	[1]	[ 5.]	['Pale (2016)']
46629	[143833]	[1]	[ 5.]	['The Thursday (1964)']
46629	[177921]	[1]	[ 5.]	['Gesuzza, La Sposa Garibaldina (1934)']
46629	[179065]	[3]	[ 4.]	['Scarred Hearts (2016)']
46629	[182793]	[3]	[ 4.33333]	['The Purple Sea (2009)']
46629	[107434]	[1]	[ 5.]	['Diplomatic Immunity (2009\xe2\x80\x93 )']
46629	[179019]	[2]	[ 4.5]	['Mercy (2012)']
46629	[135310]	[1]	[ 5.]	['The Unfaithfuls (1953)']
46629	[178415]	[1]	[ 5.]	['The Ra Expeditions (1972)']
46629	[178057]	[1]	[ 5.]	['A Boring Story (1983)']
46629	[178417]	[1]	[ 5.]	['A Lustful Man (1961)']
46629	[151989]	[1]	[ 5.]	['The Thorn (1971)']
46629	[183913]	[6]	[ 4.25]	['The Firm (1989)']
46629	[177209]	[1]	[ 5.]	['Ac\xc4\xb1 A\xc5\x9fk (2009)']
46629	[178881]	[1]	[ 5.]	['The Visitor (1964)']
46629	[177903]	[1]	[ 5.]	['Near Death (1989)']
46629	[138172]	[1]	[ 5.]	['Baseline (2010)']
46629	[182781]	[1]	[ 5.]	['Amori che non sanno stare al mondo (2017)']
46629	[110108]	[1]	[ 5.]	['Asphalt Playground (La cit\xc3\xa9 rose) (2012)']
46629	[182527]	[1]	[ 5.]	['Ciutat morta (2014)']
47230	[136992]	[1]	[ 5.]	"[""When He Didn't Come Home (1998)""]"
47230	[182657]	[1]	[ 5.]	['Pale (2016)']
47230	[136996]	[1]	[ 5.]	['The Wrong Girl (1999)']
47230	[136998]	[1]	[ 5.]	['The Wrong Girl (2015)']
47230	[137020]	[1]	[ 5.]	"[""A Sister's Secret (2009)""]"
47230	[137064]	[1]	[ 5.]	['Twisted Desire (1996)']
47230	[182793]	[3]	[ 4.33333]	['The Purple Sea (2009)']
47230	[137006]	[1]	[ 5.]	['Poison (2000)']
47230	[137048]	[1]	[ 5.]	['Perfect Child (2007)']
47230	[137032]	[1]	[ 5.]	['The Perfect Neighbor (2005)']
47230	[151989]	[1]	[ 5.]	['The Thorn (1971)']
47230	[137016]	[1]	[ 5.]	"[""A Daughter's Nightmare (2014)""]"
47230	[177209]	[1]	[ 5.]	['Ac\xc4\xb1 A\xc5\x9fk (2009)']
47230	[137038]	[1]	[ 5.]	['The Perfect Wife (2001)']
47230	[110108]	[1]	[ 5.]	['Asphalt Playground (La cit\xc3\xa9 rose) (2012)']
47230	[182781]	[1]	[ 5.]	['Amori che non sanno stare al mondo (2017)']
47230	[137052]	[1]	[ 5.]	['A Job to Kill For (2006)']
47230	[182527]	[1]	[ 5.]	['Ciutat morta (2014)']
47701	[136996]	[1]	[ 5.]	['The Wrong Girl (1999)']
47701	[183013]	[2]	[ 3.5]	['I Can No Longer Hear the Guitar (1991)']
47701	[136998]	[1]	[ 5.]	['The Wrong Girl (2015)']
47701	[137020]	[1]	[ 5.]	"[""A Sister's Secret (2009)""]"
47701	[137064]	[1]	[ 5.]	['Twisted Desire (1996)']
47701	[151989]	[1]	[ 5.]	['The Thorn (1971)']
47701	[159467]	[3]	[ 3.66667]	['Fifi Howls from Happiness (2013)']
47701	[137006]	[1]	[ 5.]	['Poison (2000)']
47701	[159471]	[1]	[ 5.]	"[""Evening's Civil Twilight in Empires of Tin (2008)""]"
47701	[137032]	[1]	[ 5.]	['The Perfect Neighbor (2005)']
47701	[159123]	[1]	[ 5.]	['Catching Out (2003)']
47701	[159125]	[1]	[ 5.]	"[""Anybody's Son Will Do""]"
47701	[137016]	[1]	[ 5.]	"[""A Daughter's Nightmare (2014)""]"
47701	[177209]	[1]	[ 5.]	['Ac\xc4\xb1 A\xc5\x9fk (2009)']
47701	[137038]	[1]	[ 5.]	['The Perfect Wife (2001)']
47701	[138172]	[1]	[ 5.]	['Baseline (2010)']
47701	[159133]	[3]	[ 2.83333]	['Visions of Frank (2007)']
47701	[110108]	[1]	[ 5.]	['Asphalt Playground (La cit\xc3\xa9 rose) (2012)']
47701	[159135]	[1]	[ 5.]	['The Viking (1931)']
47944	[136992]	[1]	[ 5.]	"[""When He Didn't Come Home (1998)""]"
47944	[136996]	[1]	[ 5.]	['The Wrong Girl (1999)']
47944	[136998]	[1]	[ 5.]	['The Wrong Girl (2015)']
47944	[137020]	[1]	[ 5.]	"[""A Sister's Secret (2009)""]"
47944	[137064]	[1]	[ 5.]	['Twisted Desire (1996)']
47944	[138172]	[1]	[ 5.]	['Baseline (2010)']
47944	[159467]	[3]	[ 3.66667]	['Fifi Howls from Happiness (2013)']
47944	[137006]	[1]	[ 5.]	['Poison (2000)']
47944	[159471]	[1]	[ 5.]	"[""Evening's Civil Twilight in Empires of Tin (2008)""]"
47944	[137048]	[1]	[ 5.]	['Perfect Child (2007)']
47944	[137032]	[1]	[ 5.]	['The Perfect Neighbor (2005)']
47944	[159123]	[1]	[ 5.]	['Catching Out (2003)']
47944	[159125]	[1]	[ 5.]	"[""Anybody's Son Will Do""]"
47944	[137016]	[1]	[ 5.]	"[""A Daughter's Nightmare (2014)""]"
47944	[137052]	[1]	[ 5.]	['A Job to Kill For (2006)']
47944	[137038]	[1]	[ 5.]	['The Perfect Wife (2001)']
47944	[110108]	[1]	[ 5.]	['Asphalt Playground (La cit\xc3\xa9 rose) (2012)']
47944	[159133]	[3]	[ 2.83333]	['Visions of Frank (2007)']
47944	[159135]	[1]	[ 5.]	['The Viking (1931)']
47993	[182657]	[1]	[ 5.]	['Pale (2016)']
47993	[151989]	[1]	[ 5.]	['The Thorn (1971)']
47993	[179019]	[2]	[ 4.5]	['Mercy (2012)']
47993	[183013]	[2]	[ 3.5]	['I Can No Longer Hear the Guitar (1991)']
47993	[177921]	[1]	[ 5.]	['Gesuzza, La Sposa Garibaldina (1934)']
47993	[138172]	[1]	[ 5.]	['Baseline (2010)']
47993	[159467]	[3]	[ 3.66667]	['Fifi Howls from Happiness (2013)']
47993	[137006]	[1]	[ 5.]	['Poison (2000)']
47993	[159471]	[1]	[ 5.]	"[""Evening's Civil Twilight in Empires of Tin (2008)""]"
47993	[178057]	[1]	[ 5.]	['A Boring Story (1983)']
47993	[159123]	[1]	[ 5.]	['Catching Out (2003)']
47993	[159125]	[1]	[ 5.]	"[""Anybody's Son Will Do""]"
47993	[182793]	[3]	[ 4.33333]	['The Purple Sea (2009)']
47993	[177209]	[1]	[ 5.]	['Ac\xc4\xb1 A\xc5\x9fk (2009)']
47993	[179065]	[3]	[ 4.]	['Scarred Hearts (2016)']
47993	[182781]	[1]	[ 5.]	['Amori che non sanno stare al mondo (2017)']
47993	[110108]	[1]	[ 5.]	['Asphalt Playground (La cit\xc3\xa9 rose) (2012)']
47993	[159133]	[3]	[ 2.83333]	['Visions of Frank (2007)']
47993	[182527]	[1]	[ 5.]	['Ciutat morta (2014)']
47993	[159135]	[1]	[ 5.]	['The Viking (1931)']
48351	[182657]	[1]	[ 5.]	['Pale (2016)']
48351	[159125]	[1]	[ 5.]	"[""Anybody's Son Will Do""]"
48351	[110108]	[1]	[ 5.]	['Asphalt Playground (La cit\xc3\xa9 rose) (2012)']
48351	[107434]	[1]	[ 5.]	['Diplomatic Immunity (2009\xe2\x80\x93 )']
48351	[159467]	[3]	[ 3.66667]	['Fifi Howls from Happiness (2013)']
48351	[167496]	[1]	[ 5.]	"[ ""Motion Picture ('La sortie des ouvriers de l'usine Lumi\xc3\xa8re \xc3\xa0 Lyon') (1984)""]"
48351	[159133]	[3]	[ 2.83333]	['Visions of Frank (2007)']
48351	[167368]	[1]	[ 5.]	['Room Full of Spoons (2016)']
48351	[167666]	[1]	[ 5.]	['The Capture of the Green River Killer (2008)']
48351	[159123]	[1]	[ 5.]	['Catching Out (2003)']
48351	[151989]	[1]	[ 5.]	['The Thorn (1971)']
48351	[182793]	[3]	[ 4.33333]	['The Purple Sea (2009)']
48351	[159471]	[1]	[ 5.]	"[""Evening's Civil Twilight in Empires of Tin (2008)""]"
48351	[177209]	[1]	[ 5.]	['Ac\xc4\xb1 A\xc5\x9fk (2009)']
48351	[159135]	[1]	[ 5.]	['The Viking (1931)']
48351	[138172]	[1]	[ 5.]	['Baseline (2010)']
48351	[182781]	[1]	[ 5.]	['Amori che non sanno stare al mondo (2017)']
48351	[179019]	[2]	[ 4.5]	['Mercy (2012)']
48351	[182527]	[1]	[ 5.]	['Ciutat morta (2014)']
48934	[136992]	[1]	[ 5.]	"[""When He Didn't Come Home (1998)""]"
48934	[151989]	[1]	[ 5.]	['The Thorn (1971)']
48934	[136996]	[1]	[ 5.]	['The Wrong Girl (1999)']
48934	[136998]	[1]	[ 5.]	['The Wrong Girl (2015)']
48934	[137020]	[1]	[ 5.]	"[""A Sister's Secret (2009)""]"
48934	[137064]	[1]	[ 5.]	['Twisted Desire (1996)']
48934	[138172]	[1]	[ 5.]	['Baseline (2010)']
48934	[159467]	[3]	[ 3.66667]	['Fifi Howls from Happiness (2013)']
48934	[137006]	[1]	[ 5.]	['Poison (2000)']
48934	[159471]	[1]	[ 5.]	"[""Evening's Civil Twilight in Empires of Tin (2008)""]"
48934	[137048]	[1]	[ 5.]	['Perfect Child (2007)']
48934	[137032]	[1]	[ 5.]	['The Perfect Neighbor (2005)']
48934	[159123]	[1]	[ 5.]	['Catching Out (2003)']
48934	[159125]	[1]	[ 5.]	"[""Anybody's Son Will Do""]"
48934	[137016]	[1]	[ 5.]	"[""A Daughter's Nightmare (2014)""]"
48934	[177209]	[1]	[ 5.]	['Ac\xc4\xb1 A\xc5\x9fk (2009)']
48934	[137038]	[1]	[ 5.]	['The Perfect Wife (2001)']
48934	[110108]	[1]	[ 5.]	['Asphalt Playground (La cit\xc3\xa9 rose) (2012)']
48934	[159133]	[3]	[ 2.83333]	['Visions of Frank (2007)']
48934	[159135]	[1]	[ 5.]	['The Viking (1931)']
49212	[136992]	[1]	[ 5.]	"[""When He Didn't Come Home (1998)""]"
49212	[182657]	[1]	[ 5.]	['Pale (2016)']
49212	[136996]	[1]	[ 5.]	['The Wrong Girl (1999)']
49212	[136998]	[1]	[ 5.]	['The Wrong Girl (2015)']
49212	[137020]	[1]	[ 5.]	"[""A Sister's Secret (2009)""]"
49212	[137064]	[1]	[ 5.]	['Twisted Desire (1996)']
49212	[182793]	[3]	[ 4.33333]	['The Purple Sea (2009)']
49212	[137006]	[1]	[ 5.]	['Poison (2000)']
49212	[137048]	[1]	[ 5.]	['Perfect Child (2007)']
49212	[137032]	[1]	[ 5.]	['The Perfect Neighbor (2005)']
49212	[151989]	[1]	[ 5.]	['The Thorn (1971)']
49212	[137016]	[1]	[ 5.]	"[""A Daughter's Nightmare (2014)""]"
49212	[177209]	[1]	[ 5.]	['Ac\xc4\xb1 A\xc5\x9fk (2009)']
49212	[137038]	[1]	[ 5.]	['The Perfect Wife (2001)']
49212	[110108]	[1]	[ 5.]	['Asphalt Playground (La cit\xc3\xa9 rose) (2012)']
49212	[182781]	[1]	[ 5.]	['Amori che non sanno stare al mondo (2017)']
49212	[138172]	[1]	[ 5.]	['Baseline (2010)']
49212	[182527]	[1]	[ 5.]	['Ciutat morta (2014)']
49796	[179723]	[1]	[ 5.]	['Rapunzel (2009)']
49796	[137601]	[1]	[ 5.]	['Duel of Hearts (1992)']
49796	[143235]	[1]	[ 5.]	['Going to the Mat (2004)']
49796	[179589]	[2]	[ 5.]	['Windstorm 2 (2015)']
49796	[179559]	[1]	[ 5.]	['The Memory Book (2014)']
49796	[164765]	[1]	[ 5.]	['Love Finds You In Sugarcreek (2014)']
49796	[164907]	[1]	[ 5.]	['A Star for Christmas (2012)']
49796	[179587]	[2]	[ 4.]	['A Dash of Love (2017)']
49796	[166223]	[1]	[ 5.]	['Von einem, der auszog, das F\xc3\xbcrchten zu lernen (2014)']
49796	[179567]	[1]	[ 5.]	['Change of Plans (2011)']
49796	[179531]	[2]	[ 4.]	['Apple of My Eye (2017)']
49796	[164787]	[1]	[ 5.]	['You Cast A Spell On Me (2015)']
49796	[166229]	[1]	[ 5.]	['Allerleirauh (2012)']
49796	[179581]	[2]	[ 4.]	['Love Blossoms (2017)']
49796	[164861]	[1]	[ 5.]	['Isabelle Dances Into the Spotlight (2014)']
49796	[179627]	[1]	[ 5.]	['Die kluge Bauerntochter (2009)']
49796	[166219]	[1]	[ 5.]	['Aschenputtel (1989)']
49796	[179535]	[1]	[ 5.]	['12 Dogs of Christmas: Great Puppy Rescue (2012)']
49796	[165733]	[2]	[ 4.]	['Ice Girls (2016)']
50330	[136992]	[1]	[ 5.]	"[""When He Didn't Come Home (1998)""]"
50330	[137024]	[1]	[ 5.]	['The Perfect Nanny (2000)']
50330	[136996]	[1]	[ 5.]	['The Wrong Girl (1999)']
50330	[183013]	[2]	[ 3.5]	['I Can No Longer Hear the Guitar (1991)']
50330	[136998]	[1]	[ 5.]	['The Wrong Girl (2015)']
50330	[137064]	[1]	[ 5.]	['Twisted Desire (1996)']
50330	[137020]	[1]	[ 5.]	"[""A Sister's Secret (2009)""]"
50330	[137052]	[1]	[ 5.]	['A Job to Kill For (2006)']
50330	[137006]	[1]	[ 5.]	['Poison (2000)']
50330	[137078]	[1]	[ 5.]	['Stranger in My House (1999)']
50330	[137048]	[1]	[ 5.]	['Perfect Child (2007)']
50330	[137032]	[1]	[ 5.]	['The Perfect Neighbor (2005)']
50330	[151989]	[1]	[ 5.]	['The Thorn (1971)']
50330	[137046]	[1]	[ 5.]	['The Perfect Assistant (2008)']
50330	[137016]	[1]	[ 5.]	"[""A Daughter's Nightmare (2014)""]"
50330	[177209]	[1]	[ 5.]	['Ac\xc4\xb1 A\xc5\x9fk (2009)']
50330	[137038]	[1]	[ 5.]	['The Perfect Wife (2001)']
50330	[138172]	[1]	[ 5.]	['Baseline (2010)']
50330	[136988]	[1]	[ 5.]	['The Good Mistress (2014)']
51444	[182657]	[1]	[ 5.]	['Pale (2016)']
51444	[136996]	[1]	[ 5.]	['The Wrong Girl (1999)']
51444	[137020]	[1]	[ 5.]	"[""A Sister's Secret (2009)""]"
51444	[137064]	[1]	[ 5.]	['Twisted Desire (1996)']
51444	[110108]	[1]	[ 5.]	['Asphalt Playground (La cit\xc3\xa9 rose) (2012)']
51444	[137038]	[1]	[ 5.]	['The Perfect Wife (2001)']
51444	[159467]	[3]	[ 3.66667]	['Fifi Howls from Happiness (2013)']
51444	[137006]	[1]	[ 5.]	['Poison (2000)']
51444	[159471]	[1]	[ 5.]	"[""Evening's Civil Twilight in Empires of Tin (2008)""]"
51444	[159123]	[1]	[ 5.]	['Catching Out (2003)']
51444	[151989]	[1]	[ 5.]	['The Thorn (1971)']
51444	[182793]	[3]	[ 4.33333]	['The Purple Sea (2009)']
51444	[177209]	[1]	[ 5.]	['Ac\xc4\xb1 A\xc5\x9fk (2009)']
51444	[182781]	[1]	[ 5.]	['Amori che non sanno stare al mondo (2017)']
51444	[159135]	[1]	[ 5.]	['The Viking (1931)']
51444	[138172]	[1]	[ 5.]	['Baseline (2010)']
51444	[159133]	[3]	[ 2.83333]	['Visions of Frank (2007)']
51444	[182527]	[1]	[ 5.]	['Ciutat morta (2014)']
51444	[159125]	[1]	[ 5.]	"[""Anybody's Son Will Do""]"
51875	[109762]	[1]	[ 5.]	['Black Widow (Dark Beauty) (2008)']
51875	[180839]	[2]	[ 2.75]	['Operation Rogue (2014)']
51875	[183013]	[2]	[ 3.5]	['I Can No Longer Hear the Guitar (1991)']
51875	[124903]	[1]	[ 5.]	['Styx (2001)']
51875	[159048]	[1]	[ 5.]	['One Way Out (2002)']
51875	[159050]	[1]	[ 5.]	"[""The Pilot's Wife (2005)""]"
51875	[159467]	[3]	[ 3.66667]	['Fifi Howls from Happiness (2013)']
51875	[137964]	[1]	[ 5.]	['Casualties (1997)']
51875	[122701]	[1]	[ 5.]	['Love, Cheat & Steal (1993)']
51875	[140014]	[1]	[ 5.]	"[""Brother's Keeper (2013)""]"
51875	[159471]	[1]	[ 5.]	"[""Evening's Civil Twilight in Empires of Tin (2008)""]"
51875	[116243]	[1]	[ 5.]	['Convicted (1931)']
51875	[171221]	[2]	[ 4.25]	['Isolation (2015)']
51875	[159123]	[1]	[ 5.]	['Catching Out (2003)']
51875	[159125]	[1]	[ 5.]	"[""Anybody's Son Will Do""]"
51875	[159053]	[1]	[ 5.]	['In Her Line of Fire (2006)']
51875	[142903]	[1]	[ 5.]	['Ricochet (2011)']
51875	[132124]	[1]	[ 5.]	['Say Nothing (2001)']
51875	[159133]	[3]	[ 2.83333]	['Visions of Frank (2007)']
51875	[159135]	[1]	[ 5.]	['The Viking (1931)']
51890	[8195]	[626]	[ 3.9393]	"[""Avventura, L' (Adventure, The) (1960)""]"
51890	[1248]	[5319]	[ 4.15163]	['Touch of Evil (1958)']
51890	[1251]	[3792]	[ 4.02637]	['8 1/2 (8\xc2\xbd) (1963)']
51890	[7748]	[584]	[ 3.89812]	['Pierrot le fou (1965)']
51890	[183013]	[2]	[ 3.5]	['I Can No Longer Hear the Guitar (1991)']
51890	[27366]	[172]	[ 3.90407]	['Werckmeister Harmonies (Werckmeister harm\xc3\xb3ni\xc3\xa1k) (2000)']
51890	[138172]	[1]	[ 5.]	['Baseline (2010)']
51890	[159467]	[3]	[ 3.66667]	['Fifi Howls from Happiness (2013)']
51890	[8620]	[629]	[ 3.9841]	['Exterminating Angel, The (\xc3\x81ngel exterminador, El) (1962)']
51890	[25805]	[354]	[ 3.90395]	"[""Atalante, L' (1934)""]"
51890	[159471]	[1]	[ 5.]	"[""Evening's Civil Twilight in Empires of Tin (2008)""]"
51890	[3093]	[1561]	[ 3.82095]	['McCabe & Mrs. Miller (1971)']
51890	[159123]	[1]	[ 5.]	['Catching Out (2003)']
51890	[159125]	[1]	[ 5.]	"[""Anybody's Son Will Do""]"
51890	[1252]	[19033]	[ 4.15231]	['Chinatown (1974)']
51890	[6783]	[914]	[ 4.01586]	['Rules of the Game, The (La r\xc3\xa8gle du jeu) (1939)']
51890	[1212]	[7947]	[ 4.20404]	['Third Man, The (1949)']
51890	[159133]	[3]	[ 2.83333]	['Visions of Frank (2007)']
51890	[3134]	[1822]	[ 4.13172]	['Grand Illusion (La grande illusion) (1937)']
51890	[159135]	[1]	[ 5.]	['The Viking (1931)']
51939	[109762]	[1]	[ 5.]	['Black Widow (Dark Beauty) (2008)']
51939	[122701]	[1]	[ 5.]	['Love, Cheat & Steal (1993)']
51939	[180839]	[2]	[ 2.75]	['Operation Rogue (2014)']
51939	[159048]	[1]	[ 5.]	['One Way Out (2002)']
51939	[132124]	[1]	[ 5.]	['Say Nothing (2001)']
51939	[159050]	[1]	[ 5.]	"[""The Pilot's Wife (2005)""]"
51939	[159467]	[3]	[ 3.66667]	['Fifi Howls from Happiness (2013)']
51939	[137964]	[1]	[ 5.]	['Casualties (1997)']
51939	[159053]	[1]	[ 5.]	['In Her Line of Fire (2006)']
51939	[140014]	[1]	[ 5.]	"[""Brother's Keeper (2013)""]"
51939	[159471]	[1]	[ 5.]	"[""Evening's Civil Twilight in Empires of Tin (2008)""]"
51939	[116243]	[1]	[ 5.]	['Convicted (1931)']
51939	[171221]	[2]	[ 4.25]	['Isolation (2015)']
51939	[159123]	[1]	[ 5.]	['Catching Out (2003)']
51939	[159125]	[1]	[ 5.]	"[""Anybody's Son Will Do""]"
51939	[124903]	[1]	[ 5.]	['Styx (2001)']
51939	[142903]	[1]	[ 5.]	['Ricochet (2011)']
51939	[138172]	[1]	[ 5.]	['Baseline (2010)']
51939	[159133]	[3]	[ 2.83333]	['Visions of Frank (2007)']
51939	[159135]	[1]	[ 5.]	['The Viking (1931)']
51966	[109762]	[1]	[ 5.]	['Black Widow (Dark Beauty) (2008)']
51966	[183013]	[2]	[ 3.5]	['I Can No Longer Hear the Guitar (1991)']
51966	[122701]	[1]	[ 5.]	['Love, Cheat & Steal (1993)']
51966	[180839]	[2]	[ 2.75]	['Operation Rogue (2014)']
51966	[159048]	[1]	[ 5.]	['One Way Out (2002)']
51966	[142903]	[1]	[ 5.]	['Ricochet (2011)']
51966	[159050]	[1]	[ 5.]	"[""The Pilot's Wife (2005)""]"
51966	[159467]	[3]	[ 3.66667]	['Fifi Howls from Happiness (2013)']
51966	[137964]	[1]	[ 5.]	['Casualties (1997)']
51966	[159053]	[1]	[ 5.]	['In Her Line of Fire (2006)']
51966	[140014]	[1]	[ 5.]	"[""Brother's Keeper (2013)""]"
51966	[159471]	[1]	[ 5.]	"[""Evening's Civil Twilight in Empires of Tin (2008)""]"
51966	[116243]	[1]	[ 5.]	['Convicted (1931)']
51966	[171221]	[2]	[ 4.25]	['Isolation (2015)']
51966	[159123]	[1]	[ 5.]	['Catching Out (2003)']
51966	[159125]	[1]	[ 5.]	"[""Anybody's Son Will Do""]"
51966	[124903]	[1]	[ 5.]	['Styx (2001)']
51966	[132124]	[1]	[ 5.]	['Say Nothing (2001)']
51966	[159133]	[3]	[ 2.83333]	['Visions of Frank (2007)']
51966	[159135]	[1]	[ 5.]	['The Viking (1931)']
51982	[136992]	[1]	[ 5.]	"[""When He Didn't Come Home (1998)""]"
51982	[182657]	[1]	[ 5.]	['Pale (2016)']
51982	[136996]	[1]	[ 5.]	['The Wrong Girl (1999)']
51982	[136998]	[1]	[ 5.]	['The Wrong Girl (2015)']
51982	[137020]	[1]	[ 5.]	"[""A Sister's Secret (2009)""]"
51982	[137064]	[1]	[ 5.]	['Twisted Desire (1996)']
51982	[182793]	[3]	[ 4.33333]	['The Purple Sea (2009)']
51982	[107434]	[1]	[ 5.]	['Diplomatic Immunity (2009\xe2\x80\x93 )']
51982	[137006]	[1]	[ 5.]	['Poison (2000)']
51982	[137048]	[1]	[ 5.]	['Perfect Child (2007)']
51982	[137032]	[1]	[ 5.]	['The Perfect Neighbor (2005)']
51982	[151989]	[1]	[ 5.]	['The Thorn (1971)']
51982	[137016]	[1]	[ 5.]	"[""A Daughter's Nightmare (2014)""]"
51982	[177209]	[1]	[ 5.]	['Ac\xc4\xb1 A\xc5\x9fk (2009)']
51982	[137038]	[1]	[ 5.]	['The Perfect Wife (2001)']
51982	[138172]	[1]	[ 5.]	['Baseline (2010)']
51982	[182781]	[1]	[ 5.]	['Amori che non sanno stare al mondo (2017)']
51982	[110108]	[1]	[ 5.]	['Asphalt Playground (La cit\xc3\xa9 rose) (2012)']
51982	[182527]	[1]	[ 5.]	['Ciutat morta (2014)']
52146	[137964]	[1]	[ 5.]	['Casualties (1997)']
52146	[171221]	[2]	[ 4.25]	['Isolation (2015)']
52146	[183013]	[2]	[ 3.5]	['I Can No Longer Hear the Guitar (1991)']
52146	[180839]	[2]	[ 2.75]	['Operation Rogue (2014)']
52146	[159048]	[1]	[ 5.]	['One Way Out (2002)']
52146	[151989]	[1]	[ 5.]	['The Thorn (1971)']
52146	[159467]	[3]	[ 3.66667]	['Fifi Howls from Happiness (2013)']
52146	[122701]	[1]	[ 5.]	['Love, Cheat & Steal (1993)']
52146	[140014]	[1]	[ 5.]	"[""Brother's Keeper (2013)""]"
52146	[159471]	[1]	[ 5.]	"[""Evening's Civil Twilight in Empires of Tin (2008)""]"
52146	[116243]	[1]	[ 5.]	['Convicted (1931)']
52146	[159123]	[1]	[ 5.]	['Catching Out (2003)']
52146	[109762]	[1]	[ 5.]	['Black Widow (Dark Beauty) (2008)']
52146	[159125]	[1]	[ 5.]	"[""Anybody's Son Will Do""]"
52146	[159053]	[1]	[ 5.]	['In Her Line of Fire (2006)']
52146	[142903]	[1]	[ 5.]	['Ricochet (2011)']
52146	[138172]	[1]	[ 5.]	['Baseline (2010)']
52146	[159133]	[3]	[ 2.83333]	['Visions of Frank (2007)']
52146	[159135]	[1]	[ 5.]	['The Viking (1931)']
53023	[109762]	[1]	[ 5.]	['Black Widow (Dark Beauty) (2008)']
53023	[124903]	[1]	[ 5.]	['Styx (2001)']
53023	[180839]	[2]	[ 2.75]	['Operation Rogue (2014)']
53023	[159048]	[1]	[ 5.]	['One Way Out (2002)']
53023	[137964]	[1]	[ 5.]	['Casualties (1997)']
53023	[159050]	[1]	[ 5.]	"[""The Pilot's Wife (2005)""]"
53023	[159467]	[3]	[ 3.66667]	['Fifi Howls from Happiness (2013)']
53023	[122701]	[1]	[ 5.]	['Love, Cheat & Steal (1993)']
53023	[140014]	[1]	[ 5.]	"[""Brother's Keeper (2013)""]"
53023	[159471]	[1]	[ 5.]	"[""Evening's Civil Twilight in Empires of Tin (2008)""]"
53023	[116243]	[1]	[ 5.]	['Convicted (1931)']
53023	[171221]	[2]	[ 4.25]	['Isolation (2015)']
53023	[159123]	[1]	[ 5.]	['Catching Out (2003)']
53023	[159125]	[1]	[ 5.]	"[""Anybody's Son Will Do""]"
53023	[159053]	[1]	[ 5.]	['In Her Line of Fire (2006)']
53023	[142903]	[1]	[ 5.]	['Ricochet (2011)']
53023	[132124]	[1]	[ 5.]	['Say Nothing (2001)']
53023	[159133]	[3]	[ 2.83333]	['Visions of Frank (2007)']
53023	[159135]	[1]	[ 5.]	['The Viking (1931)']
53834	[182657]	[1]	[ 5.]	['Pale (2016)']
53834	[183013]	[2]	[ 3.5]	['I Can No Longer Hear the Guitar (1991)']
53834	[137064]	[1]	[ 5.]	['Twisted Desire (1996)']
53834	[151989]	[1]	[ 5.]	['The Thorn (1971)']
53834	[107434]	[1]	[ 5.]	['Diplomatic Immunity (2009\xe2\x80\x93 )']
53834	[159467]	[3]	[ 3.66667]	['Fifi Howls from Happiness (2013)']
53834	[182527]	[1]	[ 5.]	['Ciutat morta (2014)']
53834	[137006]	[1]	[ 5.]	['Poison (2000)']
53834	[159471]	[1]	[ 5.]	"[""Evening's Civil Twilight in Empires of Tin (2008)""]"
53834	[159123]	[1]	[ 5.]	['Catching Out (2003)']
53834	[159125]	[1]	[ 5.]	"[""Anybody's Son Will Do""]"
53834	[182793]	[3]	[ 4.33333]	['The Purple Sea (2009)']
53834	[177209]	[1]	[ 5.]	['Ac\xc4\xb1 A\xc5\x9fk (2009)']
53834	[182781]	[1]	[ 5.]	['Amori che non sanno stare al mondo (2017)']
53834	[110108]	[1]	[ 5.]	['Asphalt Playground (La cit\xc3\xa9 rose) (2012)']
53834	[159133]	[3]	[ 2.83333]	['Visions of Frank (2007)']
53834	[138172]	[1]	[ 5.]	['Baseline (2010)']
53834	[159135]	[1]	[ 5.]	['The Viking (1931)']
54018	[129223]	[1]	[ 5.]	"[""Tarzan's Savage Fury (1952)""]"
54018	[169820]	[1]	[ 5.]	['To Be the Best (1993)']
54018	[95977]	[1]	[ 5.]	['Junior Prom (1946)']
54018	[159467]	[3]	[ 3.66667]	['Fifi Howls from Happiness (2013)']
54018	[169818]	[1]	[ 5.]	['FB: Fighting Beat (2007)']
54018	[122535]	[1]	[ 5.]	['White Tiger (1996)']
54018	[159471]	[1]	[ 5.]	"[""Evening's Civil Twilight in Empires of Tin (2008)""]"
54018	[169816]	[1]	[ 5.]	['Day of the Panther (1988)']
54018	[160030]	[1]	[ 5.]	['Goliath and the Sins of Babylon (1963)']
54018	[159123]	[1]	[ 5.]	['Catching Out (2003)']
54018	[145620]	[1]	[ 5.]	['Samson and the Seven Miracles of the World (1961)']
54018	[159125]	[1]	[ 5.]	"[""Anybody's Son Will Do""]"
54018	[146487]	[1]	[ 5.]	['Maciste in Hell of Genghis Khan (1964)']
54018	[117656]	[1]	[ 5.]	['Drunken Master 3 (1994)']
54018	[146489]	[1]	[ 5.]	['Hercules Against the Mongols (1963)']
54018	[133013]	[1]	[ 5.]	['Temple of the White Elephant (1964)']
54018	[138172]	[1]	[ 5.]	['Baseline (2010)']
54018	[159133]	[3]	[ 2.83333]	['Visions of Frank (2007)']
54018	[147966]	[1]	[ 5.]	"[""Tarzan's Fight for Life (1958)""]"
54018	[159135]	[1]	[ 5.]	['The Viking (1931)']
54441	[136992]	[1]	[ 5.]	"[""When He Didn't Come Home (1998)""]"
54441	[151989]	[1]	[ 5.]	['The Thorn (1971)']
54441	[136996]	[1]	[ 5.]	['The Wrong Girl (1999)']
54441	[183013]	[2]	[ 3.5]	['I Can No Longer Hear the Guitar (1991)']
54441	[136998]	[1]	[ 5.]	['The Wrong Girl (2015)']
54441	[137020]	[1]	[ 5.]	"[""A Sister's Secret (2009)""]"
54441	[137064]	[1]	[ 5.]	['Twisted Desire (1996)']
54441	[138172]	[1]	[ 5.]	['Baseline (2010)']
54441	[159467]	[3]	[ 3.66667]	['Fifi Howls from Happiness (2013)']
54441	[137006]	[1]	[ 5.]	['Poison (2000)']
54441	[159471]	[1]	[ 5.]	"[""Evening's Civil Twilight in Empires of Tin (2008)""]"
54441	[137048]	[1]	[ 5.]	['Perfect Child (2007)']
54441	[137032]	[1]	[ 5.]	['The Perfect Neighbor (2005)']
54441	[159123]	[1]	[ 5.]	['Catching Out (2003)']
54441	[159125]	[1]	[ 5.]	"[""Anybody's Son Will Do""]"
54441	[137016]	[1]	[ 5.]	"[""A Daughter's Nightmare (2014)""]"
54441	[137038]	[1]	[ 5.]	['The Perfect Wife (2001)']
54441	[110108]	[1]	[ 5.]	['Asphalt Playground (La cit\xc3\xa9 rose) (2012)']
54441	[159133]	[3]	[ 2.83333]	['Visions of Frank (2007)']
54441	[159135]	[1]	[ 5.]	['The Viking (1931)']
54449	[179723]	[1]	[ 5.]	['Rapunzel (2009)']
54449	[137601]	[1]	[ 5.]	['Duel of Hearts (1992)']
54449	[179531]	[2]	[ 4.]	['Apple of My Eye (2017)']
54449	[165733]	[2]	[ 4.]	['Ice Girls (2016)']
54449	[179559]	[1]	[ 5.]	['The Memory Book (2014)']
54449	[179625]	[1]	[ 5.]	['Die Sterntaler (2011)']
54449	[164907]	[1]	[ 5.]	['A Star for Christmas (2012)']
54449	[179587]	[2]	[ 4.]	['A Dash of Love (2017)']
54449	[164861]	[1]	[ 5.]	['Isabelle Dances Into the Spotlight (2014)']
54449	[179567]	[1]	[ 5.]	['Change of Plans (2011)']
54449	[166223]	[1]	[ 5.]	['Von einem, der auszog, das F\xc3\xbcrchten zu lernen (2014)']
54449	[164787]	[1]	[ 5.]	['You Cast A Spell On Me (2015)']
54449	[166229]	[1]	[ 5.]	['Allerleirauh (2012)']
54449	[179581]	[2]	[ 4.]	['Love Blossoms (2017)']
54449	[143235]	[1]	[ 5.]	['Going to the Mat (2004)']
54449	[166219]	[1]	[ 5.]	['Aschenputtel (1989)']
54449	[179535]	[1]	[ 5.]	['12 Dogs of Christmas: Great Puppy Rescue (2012)']
54449	[110108]	[1]	[ 5.]	['Asphalt Playground (La cit\xc3\xa9 rose) (2012)']
54449	[164765]	[1]	[ 5.]	['Love Finds You In Sugarcreek (2014)']
54449	[179589]	[2]	[ 5.]	['Windstorm 2 (2015)']
54466	[136992]	[1]	[ 5.]	"[""When He Didn't Come Home (1998)""]"
54466	[151989]	[1]	[ 5.]	['The Thorn (1971)']
54466	[136996]	[1]	[ 5.]	['The Wrong Girl (1999)']
54466	[136998]	[1]	[ 5.]	['The Wrong Girl (2015)']
54466	[137020]	[1]	[ 5.]	"[""A Sister's Secret (2009)""]"
54466	[137064]	[1]	[ 5.]	['Twisted Desire (1996)']
54466	[110108]	[1]	[ 5.]	['Asphalt Playground (La cit\xc3\xa9 rose) (2012)']
54466	[159467]	[3]	[ 3.66667]	['Fifi Howls from Happiness (2013)']
54466	[137006]	[1]	[ 5.]	['Poison (2000)']
54466	[159471]	[1]	[ 5.]	"[""Evening's Civil Twilight in Empires of Tin (2008)""]"
54466	[137048]	[1]	[ 5.]	['Perfect Child (2007)']
54466	[137032]	[1]	[ 5.]	['The Perfect Neighbor (2005)']
54466	[159123]	[1]	[ 5.]	['Catching Out (2003)']
54466	[159125]	[1]	[ 5.]	"[""Anybody's Son Will Do""]"
54466	[137016]	[1]	[ 5.]	"[""A Daughter's Nightmare (2014)""]"
54466	[137038]	[1]	[ 5.]	['The Perfect Wife (2001)']
54466	[138172]	[1]	[ 5.]	['Baseline (2010)']
54466	[159133]	[3]	[ 2.83333]	['Visions of Frank (2007)']
54466	[159135]	[1]	[ 5.]	['The Viking (1931)']
55448	[136996]	[1]	[ 5.]	['The Wrong Girl (1999)']
55448	[183013]	[2]	[ 3.5]	['I Can No Longer Hear the Guitar (1991)']
55448	[136998]	[1]	[ 5.]	['The Wrong Girl (2015)']
55448	[137020]	[1]	[ 5.]	"[""A Sister's Secret (2009)""]"
55448	[137064]	[1]	[ 5.]	['Twisted Desire (1996)']
55448	[151989]	[1]	[ 5.]	['The Thorn (1971)']
55448	[159467]	[3]	[ 3.66667]	['Fifi Howls from Happiness (2013)']
55448	[137006]	[1]	[ 5.]	['Poison (2000)']
55448	[159471]	[1]	[ 5.]	"[""Evening's Civil Twilight in Empires of Tin (2008)""]"
55448	[137032]	[1]	[ 5.]	['The Perfect Neighbor (2005)']
55448	[159123]	[1]	[ 5.]	['Catching Out (2003)']
55448	[159125]	[1]	[ 5.]	"[""Anybody's Son Will Do""]"
55448	[137052]	[1]	[ 5.]	['A Job to Kill For (2006)']
55448	[137038]	[1]	[ 5.]	['The Perfect Wife (2001)']
55448	[138172]	[1]	[ 5.]	['Baseline (2010)']
55448	[159133]	[3]	[ 2.83333]	['Visions of Frank (2007)']
55448	[110108]	[1]	[ 5.]	['Asphalt Playground (La cit\xc3\xa9 rose) (2012)']
55448	[159135]	[1]	[ 5.]	['The Viking (1931)']
55701	[136992]	[1]	[ 5.]	"[""When He Didn't Come Home (1998)""]"
55701	[137038]	[1]	[ 5.]	['The Perfect Wife (2001)']
55701	[136998]	[1]	[ 5.]	['The Wrong Girl (2015)']
55701	[137020]	[1]	[ 5.]	"[""A Sister's Secret (2009)""]"
55701	[137064]	[1]	[ 5.]	['Twisted Desire (1996)']
55701	[138172]	[1]	[ 5.]	['Baseline (2010)']
55701	[159467]	[3]	[ 3.66667]	['Fifi Howls from Happiness (2013)']
55701	[137006]	[1]	[ 5.]	['Poison (2000)']
55701	[159471]	[1]	[ 5.]	"[""Evening's Civil Twilight in Empires of Tin (2008)""]"
55701	[137048]	[1]	[ 5.]	['Perfect Child (2007)']
55701	[137032]	[1]	[ 5.]	['The Perfect Neighbor (2005)']
55701	[159123]	[1]	[ 5.]	['Catching Out (2003)']
55701	[159125]	[1]	[ 5.]	"[""Anybody's Son Will Do""]"
55701	[137016]	[1]	[ 5.]	"[""A Daughter's Nightmare (2014)""]"
55701	[136996]	[1]	[ 5.]	['The Wrong Girl (1999)']
55701	[110108]	[1]	[ 5.]	['Asphalt Playground (La cit\xc3\xa9 rose) (2012)']
55701	[159133]	[3]	[ 2.83333]	['Visions of Frank (2007)']
55701	[159135]	[1]	[ 5.]	['The Viking (1931)']
55768	[109762]	[1]	[ 5.]	['Black Widow (Dark Beauty) (2008)']
55768	[180839]	[2]	[ 2.75]	['Operation Rogue (2014)']
55768	[183013]	[2]	[ 3.5]	['I Can No Longer Hear the Guitar (1991)']
55768	[124903]	[1]	[ 5.]	['Styx (2001)']
55768	[159048]	[1]	[ 5.]	['One Way Out (2002)']
55768	[159050]	[1]	[ 5.]	"[""The Pilot's Wife (2005)""]"
55768	[159467]	[3]	[ 3.66667]	['Fifi Howls from Happiness (2013)']
55768	[137964]	[1]	[ 5.]	['Casualties (1997)']
55768	[122701]	[1]	[ 5.]	['Love, Cheat & Steal (1993)']
55768	[140014]	[1]	[ 5.]	"[""Brother's Keeper (2013)""]"
55768	[159471]	[1]	[ 5.]	"[""Evening's Civil Twilight in Empires of Tin (2008)""]"
55768	[116243]	[1]	[ 5.]	['Convicted (1931)']
55768	[171221]	[2]	[ 4.25]	['Isolation (2015)']
55768	[159123]	[1]	[ 5.]	['Catching Out (2003)']
55768	[159125]	[1]	[ 5.]	"[""Anybody's Son Will Do""]"
55768	[159053]	[1]	[ 5.]	['In Her Line of Fire (2006)']
55768	[142903]	[1]	[ 5.]	['Ricochet (2011)']
55768	[132124]	[1]	[ 5.]	['Say Nothing (2001)']
55768	[159133]	[3]	[ 2.83333]	['Visions of Frank (2007)']
55768	[159135]	[1]	[ 5.]	['The Viking (1931)']
55951	[164765]	[1]	[ 5.]	['Love Finds You In Sugarcreek (2014)']
55951	[179531]	[2]	[ 4.]	['Apple of My Eye (2017)']
55951	[183013]	[2]	[ 3.5]	['I Can No Longer Hear the Guitar (1991)']
55951	[166229]	[1]	[ 5.]	['Allerleirauh (2012)']
55951	[179559]	[1]	[ 5.]	['The Memory Book (2014)']
55951	[179589]	[2]	[ 5.]	['Windstorm 2 (2015)']
55951	[151989]	[1]	[ 5.]	['The Thorn (1971)']
55951	[159467]	[3]	[ 3.66667]	['Fifi Howls from Happiness (2013)']
55951	[159471]	[1]	[ 5.]	"[""Evening's Civil Twilight in Empires of Tin (2008)""]"
55951	[164907]	[1]	[ 5.]	['A Star for Christmas (2012)']
55951	[166223]	[1]	[ 5.]	['Von einem, der auszog, das F\xc3\xbcrchten zu lernen (2014)']
55951	[159123]	[1]	[ 5.]	['Catching Out (2003)']
55951	[159125]	[1]	[ 5.]	"[""Anybody's Son Will Do""]"
55951	[165733]	[2]	[ 4.]	['Ice Girls (2016)']
55951	[164861]	[1]	[ 5.]	['Isabelle Dances Into the Spotlight (2014)']
55951	[166219]	[1]	[ 5.]	['Aschenputtel (1989)']
55951	[179535]	[1]	[ 5.]	['12 Dogs of Christmas: Great Puppy Rescue (2012)']
55951	[138172]	[1]	[ 5.]	['Baseline (2010)']
55951	[159133]	[3]	[ 2.83333]	['Visions of Frank (2007)']
55951	[159135]	[1]	[ 5.]	['The Viking (1931)']
56103	[105250]	[207]	[ 4.07729]	['Century of the Self, The (2002)']
56103	[6981]	[235]	[ 3.98511]	['Ordet (Word, The) (1955)']
56103	[26150]	[942]	[ 4.05096]	['Andrei Rublev (Andrey Rublyov) (1969)']
56103	[180839]	[2]	[ 2.75]	['Operation Rogue (2014)']
56103	[159048]	[1]	[ 5.]	['One Way Out (2002)']
56103	[6985]	[1027]	[ 3.99513]	"[""Passion of Joan of Arc, The (Passion de Jeanne d'Arc, La) (1928)""]"
56103	[159053]	[1]	[ 5.]	['In Her Line of Fire (2006)']
56103	[159467]	[3]	[ 3.66667]	['Fifi Howls from Happiness (2013)']
56103	[6669]	[1542]	[ 4.10862]	['Ikiru (1952)']
56103	[140014]	[1]	[ 5.]	"[""Brother's Keeper (2013)""]"
56103	[159471]	[1]	[ 5.]	"[""Evening's Civil Twilight in Empires of Tin (2008)""]"
56103	[116243]	[1]	[ 5.]	['Convicted (1931)']
56103	[159123]	[1]	[ 5.]	['Catching Out (2003)']
56103	[109762]	[1]	[ 5.]	['Black Widow (Dark Beauty) (2008)']
56103	[159125]	[1]	[ 5.]	"[""Anybody's Son Will Do""]"
56103	[122701]	[1]	[ 5.]	['Love, Cheat & Steal (1993)']
56103	[26587]	[546]	[ 4.11264]	['Decalogue, The (Dekalog) (1989)']
56103	[159050]	[1]	[ 5.]	"[""The Pilot's Wife (2005)""]"
56103	[159133]	[3]	[ 2.83333]	['Visions of Frank (2007)']
56103	[159135]	[1]	[ 5.]	['The Viking (1931)']
56116	[179723]	[1]	[ 5.]	['Rapunzel (2009)']
56116	[179531]	[2]	[ 4.]	['Apple of My Eye (2017)']
56116	[165733]	[2]	[ 4.]	['Ice Girls (2016)']
56116	[166229]	[1]	[ 5.]	['Allerleirauh (2012)']
56116	[179589]	[2]	[ 5.]	['Windstorm 2 (2015)']
56116	[164765]	[1]	[ 5.]	['Love Finds You In Sugarcreek (2014)']
56116	[159467]	[3]	[ 3.66667]	['Fifi Howls from Happiness (2013)']
56116	[143235]	[1]	[ 5.]	['Going to the Mat (2004)']
56116	[159471]	[1]	[ 5.]	"[""Evening's Civil Twilight in Empires of Tin (2008)""]"
56116	[164907]	[1]	[ 5.]	['A Star for Christmas (2012)']
56116	[166223]	[1]	[ 5.]	['Von einem, der auszog, das F\xc3\xbcrchten zu lernen (2014)']
56116	[159123]	[1]	[ 5.]	['Catching Out (2003)']
56116	[159125]	[1]	[ 5.]	"[""Anybody's Son Will Do""]"
56116	[179567]	[1]	[ 5.]	['Change of Plans (2011)']
56116	[164861]	[1]	[ 5.]	['Isabelle Dances Into the Spotlight (2014)']
56116	[166219]	[1]	[ 5.]	['Aschenputtel (1989)']
56116	[179535]	[1]	[ 5.]	['12 Dogs of Christmas: Great Puppy Rescue (2012)']
56116	[110108]	[1]	[ 5.]	['Asphalt Playground (La cit\xc3\xa9 rose) (2012)']
56116	[159133]	[3]	[ 2.83333]	['Visions of Frank (2007)']
56116	[159135]	[1]	[ 5.]	['The Viking (1931)']
56291	[136992]	[1]	[ 5.]	"[""When He Didn't Come Home (1998)""]"
56291	[136996]	[1]	[ 5.]	['The Wrong Girl (1999)']
56291	[183013]	[2]	[ 3.5]	['I Can No Longer Hear the Guitar (1991)']
56291	[136998]	[1]	[ 5.]	['The Wrong Girl (2015)']
56291	[137064]	[1]	[ 5.]	['Twisted Desire (1996)']
56291	[137020]	[1]	[ 5.]	"[""A Sister's Secret (2009)""]"
56291	[159467]	[3]	[ 3.66667]	['Fifi Howls from Happiness (2013)']
56291	[137006]	[1]	[ 5.]	['Poison (2000)']
56291	[159471]	[1]	[ 5.]	"[""Evening's Civil Twilight in Empires of Tin (2008)""]"
56291	[137032]	[1]	[ 5.]	['The Perfect Neighbor (2005)']
56291	[86237]	[49]	[ 3.68367]	['Connections (1978)']
56291	[159123]	[1]	[ 5.]	['Catching Out (2003)']
56291	[159125]	[1]	[ 5.]	"[""Anybody's Son Will Do""]"
56291	[137046]	[1]	[ 5.]	['The Perfect Assistant (2008)']
56291	[137052]	[1]	[ 5.]	['A Job to Kill For (2006)']
56291	[137038]	[1]	[ 5.]	['The Perfect Wife (2001)']
56291	[138172]	[1]	[ 5.]	['Baseline (2010)']
56291	[159133]	[3]	[ 2.83333]	['Visions of Frank (2007)']
56291	[159135]	[1]	[ 5.]	['The Viking (1931)']
56427	[182657]	[1]	[ 5.]	['Pale (2016)']
56427	[143833]	[1]	[ 5.]	['The Thursday (1964)']
56427	[183913]	[6]	[ 4.25]	['The Firm (1989)']
56427	[179065]	[3]	[ 4.]	['Scarred Hearts (2016)']
56427	[182793]	[3]	[ 4.33333]	['The Purple Sea (2009)']
56427	[130558]	[1]	[ 5.]	['Shark Kill (1976)']
56427	[179019]	[2]	[ 4.5]	['Mercy (2012)']
56427	[135310]	[1]	[ 5.]	['The Unfaithfuls (1953)']
56427	[178415]	[1]	[ 5.]	['The Ra Expeditions (1972)']
56427	[178417]	[1]	[ 5.]	['A Lustful Man (1961)']
56427	[151989]	[1]	[ 5.]	['The Thorn (1971)']
56427	[178057]	[1]	[ 5.]	['A Boring Story (1983)']
56427	[168888]	[2]	[ 3.5]	['Third Guest']
56427	[177209]	[1]	[ 5.]	['Ac\xc4\xb1 A\xc5\x9fk (2009)']
56427	[177921]	[1]	[ 5.]	['Gesuzza, La Sposa Garibaldina (1934)']
56427	[178881]	[1]	[ 5.]	['The Visitor (1964)']
56427	[138172]	[1]	[ 5.]	['Baseline (2010)']
56427	[182781]	[1]	[ 5.]	['Amori che non sanno stare al mondo (2017)']
56427	[110108]	[1]	[ 5.]	['Asphalt Playground (La cit\xc3\xa9 rose) (2012)']
56427	[182527]	[1]	[ 5.]	['Ciutat morta (2014)']
56478	[136992]	[1]	[ 5.]	"[""When He Didn't Come Home (1998)""]"
56478	[151989]	[1]	[ 5.]	['The Thorn (1971)']
56478	[136996]	[1]	[ 5.]	['The Wrong Girl (1999)']
56478	[136998]	[1]	[ 5.]	['The Wrong Girl (2015)']
56478	[137020]	[1]	[ 5.]	"[""A Sister's Secret (2009)""]"
56478	[137064]	[1]	[ 5.]	['Twisted Desire (1996)']
56478	[110108]	[1]	[ 5.]	['Asphalt Playground (La cit\xc3\xa9 rose) (2012)']
56478	[159467]	[3]	[ 3.66667]	['Fifi Howls from Happiness (2013)']
56478	[137006]	[1]	[ 5.]	['Poison (2000)']
56478	[159471]	[1]	[ 5.]	"[""Evening's Civil Twilight in Empires of Tin (2008)""]"
56478	[137032]	[1]	[ 5.]	['The Perfect Neighbor (2005)']
56478	[159123]	[1]	[ 5.]	['Catching Out (2003)']
56478	[159125]	[1]	[ 5.]	"[""Anybody's Son Will Do""]"
56478	[137046]	[1]	[ 5.]	['The Perfect Assistant (2008)']
56478	[137052]	[1]	[ 5.]	['A Job to Kill For (2006)']
56478	[137038]	[1]	[ 5.]	['The Perfect Wife (2001)']
56478	[138172]	[1]	[ 5.]	['Baseline (2010)']
56478	[159133]	[3]	[ 2.83333]	['Visions of Frank (2007)']
56478	[159135]	[1]	[ 5.]	['The Viking (1931)']
